flowX,flowY,intensity
0,0,0
-0.00298654,-0.115311,0.068356
-0.0428161,-0.0832292,0.0550526
-0.0114128,-0.0246171,0.044036
-0.00448838,-0.0257619,0.0610977
-0.020361,-0.0943523,0.043723
-0.0356934,-0.0646445,0.0223999
-0.0254263,-0.023198,0.0150421
-0.0222124,0.00211684,0.0138145
-0.0419639,-0.0294299,0.0589696
-0.0496448,-0.0243488,0.0320254
-0.0559219,-0.0263034,0.0346696
-0.0383755,-0.0222374,0.063659
-0.0454986,-0.0758648,0.0493126
-0.0943388,-0.0855724,0.0569848
-0.0547627,-0.0426269,0.0267036
-0.108343,-0.0309336,0.0673186
-0.131317,-0.121067,0.0362839
-0.126906,-0.112017,0.0331016
-0.0910816,-0.147056,0.0221426
-0.0167362,-0.165942,0.0393275
0.020642,-0.0961826,0.0326031
0.0132375,-0.0959396,0.0138895
-0.0124328,-0.0833271,0.0129768
-0.04249,-0.0880047,0.0325428
-0.0333716,0.00322563,0.0231436
-0.0227102,0.017231,0.0446527
-0.0683637,0.0944663,0.0128417
-0.0122106,0.0739804,0.0638145
0,0,0
-0.0070187,0.0880855,0.0151292
-0.00609195,0.121072,0.0156815
-0.00354548,0.0834074,0.0175639
-0.0184242,0.0701259,0.0358982
-0.00531883,0.0920899,0.0317081
-0.0220359,0.00481816,0.0277606
-0.0463122,-0.0160125,0.0422167
-0.10037,-0.0205379,0.0604588
-0.0207724,-0.000795936,0.0477157
-0.0475718,0.0113615,0.0265356
-0.0880625,-0.00564177,0.0488731
-0.059445,0.0119067,0.0701027
-0.106611,0.0300383,0.0739171
-0.0805289,0.0181967,0.040945
-0.0703355,0.0370832,0.0413571
-0.109461,0.0592773,0.00994248
-0.0537469,-0.0102899,0.0136902
-0.0390735,-0.00128396,0.010418
-0.0612438,0.0183292,0.0205361
-0.0221878,0.0111051,0.0248788
-0.0142428,0.0174409,0.0397166
-0.0159161,0.0875734,0.0153528
0.00607168,0.0508186,0.0177068
-0.0933695,0.0944708,0.0644769
-0.0408649,0.0431732,0.0375742
-0.092523,0.10161,0.0379362
0.331857,-0.0642322,0.0216051
0.772247,0.0652787,0.0905703
0,0,0
1.2652,0.113107,0.011483
1.39887,-0.0225837,0.0213428
1.35622,0.112503,0.0434881
1.18709,0.221268,0.0248231
0.975863,0.261344,0.0211172
0.763158,0.214549,0.00919783
0.473789,0.19792,0.0690819
0.21351,0.18305,0.0552954
0.0399924,0.133191,0.0537729
-0.00541646,0.136432,0.0308809
0.000629221,0.156046,0.0454208
-0.269222,0.0544524,0.00199775
-0.745066,-0.142102,0.00189743
-1.04815,-0.37759,0.215968
-1.34483,-0.56318,0.201201
-1.46214,-0.572233,0.525391
-1.84075,-0.659449,0.70465
-1.80216,-0.776909,1.00078
-1.5229,-0.861314,0.987825
-1.21067,-0.540747,0.838591
-0.801252,-0.424341,0.660886
-0.593892,-0.479999,0.56939
-0.301871,-0.483837,0.61468
-0.0937959,-0.375367,0.367297
-0.0523939,-0.440448,0.440943
-0.0116064,-0.59064,0.538844
-0.0134695,-0.409977,0.381936
0.232921,-0.422938,0.50833
0.347946,-0.378352,0.479202
0.230534,-0.306844,0.333483
0.339211,-0.128673,0.401564
0.292068,-0.02411,0.380911
0.157409,-0.0551142,0.210552
0.279242,-0.0757055,0.262886
0.249616,0.0155511,0.360692
0.233789,0.0744181,0.263443
0.209041,0.123261,0.281388
0.163818,0.239869,0.330405
0.187578,0.150065,0.321034
0.144357,0.0528216,0.241406
0.128761,0.14557,0.231315
0.0966205,0.167768,0.198457
0.0175719,0.0319414,0.144148
0.0651817,0.0556753,0.166067
0.0760496,0.139822,0.271793
0.0960222,0.193241,0.140595
0.119762,0.123155,0.14004
0.0688367,0.189874,0.228081
0.117804,0.221741,0.249509
0.0677985,0.0793059,0.218035
0.0497178,-0.00449851,0.0150945
0.0433495,0.0787508,0.230995
0.0262683,0.115101,0.0388171
0.0104249,0.102187,0.173711
-0.00410976,0.015396,0.0776017
0.0138674,0.0306985,0.0297524
0.0259493,0.0919251,0.155072
0,0,0
0.0442867,0.111214,0.0465965
0.0434241,0.0914824,0.0851599
0.0465469,0.103779,0.104822
0.154151,0.14678,0.10272
0.0945535,0.118038,0.0829728
0.100793,0.104429,0.0949204
0.0733955,0.10326,0.1054
0.0704281,0.087212,0.119649
0.133582,0.187487,0.0981807
0.0953335,0.174341,0.283065
0.0793442,0.0793696,0.225048
0.0645157,0.109178,0.098743
0.0953464,0.148198,0.127003
0.0221968,0.0819965,0.171015
0.00365305,0.0531667,0.00466861
-0.0228581,0.099488,0.0995045
-0.0344497,0.109628,0.0559822
-0.0752651,0.0676375,0.100634
-0.0651627,0.0627258,0.102408
-0.0250723,0.0489619,0.0153433
-0.0347071,0.0762556,0.00462181
-0.00917279,0.0482997,0.00461697
-0.00590014,0.071876,0.012256
0.0739276,0.068971,0.110854
0.040918,0.0364519,0.0679628
0.0638792,0.0323379,0.0527675
0.135421,0.0938401,0.08234
0.122216,1.23859,3.59857
0.016284,0.274791,0.226694
-0.00606824,0.208267,0.329127
-0.0312892,0.0905703,0.123765
-0.0401737,0.205433,0.118744
-0.0291286,0.197409,0.143854
-0.0864358,0.1638,0.142931
-0.0211264,0.117662,0.0582326
-0.0586939,0.20851,0.138985
-0.157401,0.158404,0.216456
-0.0560549,0.0318561,0.0526291
-0.107156,0.11939,0.102045
-0.0842216,0.086357,0.0972677
-0.0739325,0.0596884,0.095002
-0.0787867,0.058559,0.117621
-0.0933923,0.0854796,0.096122
-0.0435489,0.0714387,0.0997169
-0.0711795,0.0685212,0.125509
-0.0801859,0.0755474,0.120825
-0.0507962,0.0710302,0.0877324
-0.0393041,0.0544783,0.06484
-0.0380608,0.0737567,0.0789897
-0.0398195,0.100188,0.0787969
-0.0183289,0.100573,0.138133
-0.0262324,0.113058,0.129523
-0.0343985,0.193621,0.243583
-0.0189494,0.201349,0.266057
-0.0435559,0.167729,0.184639
-0.0456084,0.204329,0.193315
-0.0172068,0.133053,0.16963
-0.0439592,0.104471,0.146933
-0.106738,0.127065,0.143929
-0.0120527,0.0634386,0.163592
-0.0317547,0.105769,0.225326
-0.0278735,0.132489,0.194454
-0.0339736,0.134067,0.150898
-0.0347465,0.122565,0.145565
-0.020575,0.109347,0.0503612
-0.0314637,0.0993684,0.0240738
-0.013555,0.108732,0.023044
-0.0149297,0.0620455,0.0285455
-0.0382028,0.0479414,0.039598
-0.0275127,0.0483947,0.0276137
-0.00780513,0.077872,0.0793236
0.00085251,0.0562724,0.0654733
-0.0033476,0.0309365,0.00491333
0.00828888,0.0166941,0.00703113
-0.0370153,0.0316986,0.108284
-0.0246082,-0.00665072,0.00241259
-0.068853,-0.146182,0.160134
-0.0804198,-0.154307,0.343093
-0.0651008,-0.139895,0.1696
-0.0977077,-0.165564,0.168099
-0.0441968,-0.203755,0.173234
-0.0764044,-0.182501,0.174297
-0.171842,-0.184142,0.272401
-0.0963425,-0.200882,0.258314
0,0,0
-0.0705381,-0.216284,0.168376
0,0,0
-0.0835727,-0.16492,0.160918
0,0,0
-0.150337,-0.104795,0.138986
0,0,0
-0.0957518,-0.0914449,0.150721
-0.093756,0.0129511,0.00956607
-0.121636,0.0196429,0.0110183
0.422762,-1.27105,7.06937
0.00669737,-0.0478091,0.0520833
0.0265639,-0.0917125,0.0302596
0.0341879,-0.0374213,0.032703
0.0411105,-0.0379246,0.0439389
0.0143559,-0.0241965,0.0695148
0.0400338,-0.0437735,0.0497835
0.0294214,-0.0412054,0.0240764
0.0461921,-0.0447107,0.0116478
0.0244377,-0.0311054,0.041926
0.0665642,-0.0315325,0.0136625
0.0201393,-0.0171456,0.00265071
0.0500336,-0.0508034,0.0979784
0.0471082,-0.0538835,0.0510336
0.065347,-0.0289374,0.0649888
0,0,0
0.0432713,-0.0113696,0.00283337
0,0,0
0.0468343,-0.0163416,0.00179722
0,0,0
0.0102328,-0.00552903,0.00179711
0,0,0
0.0143876,-0.00298483,0.00192898
0.00755553,-0.012184,0.00190982
0.0205255,-0.0845819,0.0663096
0.0215859,-0.0453307,0.032405
0.0265141,-0.0344149,0.0281962
0.0437369,-0.0223301,0.0277152
0.0278491,-0.0193311,0.0132139
0.030168,-0.00227305,0.0189562
0.0133069,-0.0092548,0.0556046
0.02581,-0.0146942,0.0383085
0.00368219,-0.00313727,0.00157354
0.0147373,-0.049897,0.0865533
0.0460946,-0.17543,0.133055
0.0350925,-0.0851352,0.0524029
0.00292798,-0.0552844,0.0821848
0.0119705,-0.0789476,0.0790114
-0.000249398,-0.0287096,0.0511181
-0.000316786,-0.0380094,0.0875217
0,0,0
-0.00342311,-0.0478153,0.267535
0,0,0
0.170443,1.71884,13.3335
0,0,0
0.0716982,-0.226902,0.452761
-0.0273917,0.0214243,0.0150514
-0.0155753,-0.0112883,0.00740078
0.000769426,-0.0144756,0.016524
-0.0326865,0.0453025,0.0712906
0.04368,0.00764401,0.0654918
0.0357776,0.0150042,0.0628482
0.0656908,-0.0240416,0.00946732
0.0440754,-0.0710196,0.0170036
0.044801,-0.0177207,0.0467428
0.095815,0.067656,0.0376142
0.0131676,-0.0205691,0.00866267
0.0175134,-0.0315001,0.00834625
0.0228833,0.00281617,0.0183265
0.0278506,0.00713178,0.0145376
0.0229645,0.0522367,0.0279745
0.0251449,0.0722285,0.0341271
0.0299886,0.192086,0.133275
0.0131785,0.118056,0.0324862
0.00923185,0.0536339,0.006556
0.00616247,0.0319135,0.000754431
0.0378991,0.0481578,0.130786
0.0321649,-0.0185742,0.214466
0.0289811,-0.0492654,0.0712001
0.00152572,-0.0115374,0.0700192
-0.00530232,0.0197136,0.0825983
-0.0137634,-0.0392423,0.0987993
-0.0109053,0.045072,0.110844
-0.000933739,0.00783027,0.0413802
-0.0113089,-0.0321062,0.0867565
-0.0327367,-0.036352,0.00385214
-0.012068,0.00722783,0.01208
-0.0312234,0.0386383,0.0485024
-0.0281247,0.0172665,0.0321907
-0.0262526,0.0283899,0.0282961
-0.0327992,0.0224656,0.0376103
0.0068719,0.0362667,0.0623693
0.00165791,0.0921702,0.0561915
0.00620602,0.0700895,0.0496815
-0.020364,0.0216316,0.0565779
0.0422139,0.042959,0.0070764
-0.00247779,0.0934959,0.151566
0.0230853,0.0337585,0.0833412
0.00672549,-0.00907637,0.00588254
-0.0453562,0.0212445,0.0514311
-0.0108738,0.0477894,0.138423
-0.0250104,0.00713217,0.0415251
0.0133447,0.0372086,0.055847
0.0181287,-0.0165863,0.0344423
0.00757279,-0.0174174,0.15825
0.0466936,-0.00332233,0.079814
0.0414577,0.0505421,0.124307
0.0565632,0.0879488,0.142439
0.061276,0.0863568,0.0531727
0.0595275,0.125031,0.0940061
0.0509541,0.15794,0.121723
0.0383115,0.155646,0.194551
0.0512274,0.126456,0.0294056
0.0378982,0.14472,0.0292123
0.0489711,0.134816,0.118191
0.056523,0.0739494,0.0688531
0.0208718,0.0820545,0.0679747
0.0174898,0.170001,0.0740226
0.0361665,0.162454,0.294935
0.0272716,0.0820291,0.216496
0.00487705,0.0854546,0.110314
0.00225678,0.109614,0.126975
-0.0145872,0.0117407,0.00495219
-0.00671707,0.00683651,0.0966851
-0.0212377,0.0665298,0.0115389
0.0312217,0.055111,0.0697403
0.010289,0.0357837,0.05743
1.12034,-1.90353,8.56298
0.00277524,-0.00113126,0.00268929
0.025366,9.98406e-06,0.00237145
0.0106215,-0.0221341,0.0523367
0.0301405,-0.0907368,0.0275424
0.0332008,-0.0434109,0.0306068
0.0172154,-0.0213523,0.0409129
0.0477524,-0.0332467,0.02227
0.0412992,-0.019921,0.0211156
0.0498946,0.00434476,0.0210426
0.0209489,0.000573565,0.0205528
0.0219593,-0.0486217,0.132847
0.0157269,-0.019519,0.0282777
0.0205079,-0.0673471,0.0643998
0.0506829,-0.0989932,0.0832841
0.0519172,-0.100283,0.00295589
0.00477502,-0.0474576,0.0731324
0.010215,-0.0488055,0.211856
-0.0171406,-0.143497,0.0531283
-0.0291166,-0.098675,0.0113188
-0.00532637,-0.0453362,0.0248358
-0.0230484,-0.0544652,0.0452111
0.000692126,-0.0282396,0.136109
0.00480796,-0.013182,0.00523608
0.0137828,0.0176846,0.0352825
0.0360033,0.0471504,0.0462456
0.012427,0.000149821,0.0415467
0.0190383,-0.0113156,0.03785
0.0387248,-0.0381061,0.0251955
0.00978939,-0.0116305,0.00959686
0.0291312,-0.0154545,0.0115985
0.0108801,-0.00761061,0.0215052
0.0194669,-0.0184608,0.00231374
0.0436085,-0.0270295,0.0466517
0.0399718,-0.0370135,0.0971007
0.0355258,-0.0497244,0.0716871
-1.39746,2.1204,4.24514
0.0140847,0.00713475,0.00187059
0.0236889,0.0173643,0.000891174
0.00228906,0.0171647,0.00287119
-0.00612691,0.0677425,0.000490871
-0.0193332,0.0263618,0.000401268
-0.00501169,0.0468161,0.000515027
-0.00385468,0.0256336,0.00771034
-0.0118385,-0.0510775,0.0127172
-0.0219172,-0.0881765,0.00107753
-0.0408921,-0.0874103,0.00355815
-0.0238856,-0.0414714,0.000908019
-0.0201757,0.0554986,0.000273579
-0.0276161,0.119174,0.000363951
-0.00254601,0.135193,0.000268486
0.0194525,0.156308,0.000357688
0.0338051,0.126755,0.00114292
0.0412618,0.0942895,0.00111077
0.0328339,0.0665288,0.00166896
0.0421879,0.0575564,0.00133637
0.0324627,0.0482152,0.000891488
0.0334971,0.0462105,0.00362281
0.00971439,0.0109416,0.000817915
0.00756564,0.000800205,0.000833309
0.0251322,-0.0442488,0.0128909
0.042597,-0.0536019,0.00694165
0.0393709,-0.0562362,0.00812633
0.015812,-0.0604367,0.0127721
0.0409608,-0.142931,0.142805
0.0205938,-0.081904,0.034345
0.0387609,-0.0551231,0.0639471
0.0510245,-0.0707595,0.0706316
0.00570072,0.00147965,0.0986289
0.0304519,0.0185461,0.152193
0.00900078,-0.0272914,0.0826163
0.0149816,-0.00425663,0.0160324
0.0333353,-0.0319664,0.00249011
0.0293235,-0.0447163,0.00428541
0,0,0
0.0136407,-0.0104228,0.00567428
0.00943919,-0.00933553,0.000644119
0.0308949,0.0520302,0.000580686
0,0,0
0.0266335,0.0419268,0.0100471
0.00426259,-0.000294103,0.0153526
-0.008503,-0.0232844,0.000554596
0,0,0
-0.0134604,-0.0112586,0.00477141
-0.00864277,-0.00600757,0.00673463
0.0165349,0.023962,0.000835735
0,0,0
0.00752157,0.0143286,0.00137397
0.000217323,-0.000699505,0.000972279
-0.00667178,-0.0100891,0.000862019
0.000339392,-0.00067091,0.000877166
0.000540539,0.00296243,0.000513149
1.66103,-0.641633,7.41185
-0.208583,0.178614,0.000811241
-0.210907,0.238434,9.28547e-05
-0.245238,0.276522,5.85843e-05
-0.211229,0.209711,0.00077831
-0.26039,0.231511,0.000729024
-0.249793,0.249876,1.9586e-05
0,0,0
-0.235557,0.186602,0.000194688
-0.22396,0.30111,0.000250673
-0.181935,0.212302,3.20824e-05
0,0,0
-0.179123,0.308544,0.000429379
-0.136527,0.377473,0.00113195
-0.139379,0.231731,0.000421393
0,0,0
-0.0790727,0.370903,0.000725833
-0.131446,0.281476,0.000483958
-0.0742378,0.219623,7.42643e-07
0,0,0
-0.079314,0.297511,0.000207875
-0.0368303,0.107225,9.53511e-05
-0.0508661,0.0575986,0.000842128
0.014969,0.192727,0.000276578
-0.00436974,0.185161,0.00051759
0.0377145,0.0465436,0.000185626
0.0306836,0.0954226,0.000331261
0.0352545,0.216609,0.000869043
0.0428746,0.151096,4.00909e-05
0.0418708,0.137346,9.42114e-05
0.0432286,0.212546,0.000162884
0.0765671,0.153438,0.000210249
0,0,0
0.0477414,0.162182,3.28744e-06
0.0796326,0.208499,7.88067e-05
-0.447857,0.126922,1.39377
0,0,0
0.0357505,0.0347287,0.015703
0.0401273,0.018951,0.00955514
0.0567952,0.00849007,0.0542718
0,0,0
0.090892,-0.0426835,0.0383759
0.0853956,-0.0245511,0.031074
0.11411,-0.00225707,0.0427827
0,0,0
0.142932,-0.0538136,0.0838998
0.130548,-0.0679443,0.078233
0.142997,-0.0598883,0.0637069
0.144009,-0.0356349,0.0600171
0.120448,-0.0445119,0.078681
0.106848,-0.0707162,0.0837489
0.0824661,-0.0485149,0.051273
0.0871364,-0.0466372,0.06984
0.0876553,-0.0372646,0.0584317
0.0870423,-0.0370667,0.0495508
0.0984215,-0.0357793,0.0557473
0.115486,-0.0200646,0.0729764
0,0,0
0.0921639,-0.0399806,0.0595696
0.0873004,-0.134609,0.259617
0.0831655,-0.151842,0.109084
0,0,0
0.103884,-0.193881,0.106722
0.127018,-0.145922,0.140705
0.15056,-0.15125,0.104232
0,0,0
0.159544,-0.133067,0.103962
0.125186,-0.0993678,0.130694
0.0673851,-0.0786247,0.0843299
0,0,0
0.15388,-0.155537,0.0924326
0.160217,-0.149612,0.085219
0.0388627,-1.35212,4.62886
0.101672,-0.237712,0.198531
0.136975,-0.0565317,0.682246
0.13064,-0.107076,0.417536
0.152745,-0.173512,0.579211
0.17304,-0.00441258,0.565523
0.120872,0.0993663,0.593274
0.169174,0.056104,0.686089
0.239438,0.227331,0.855988
0.0424948,0.465078,1.27189
0,0,0
-0.102779,0.628917,1.00221
-0.193531,0.756791,1.29339
-0.243725,0.626572,0.952101
0,0,0
-0.0780545,0.573627,1.03744
-0.0127765,0.59383,1.0165
-0.00295151,0.390001,0.69461
0,0,0
-0.105583,0.353203,0.825591
-0.0983606,0.356515,0.733271
-0.133152,0.506978,0.878361
-0.0857865,0.64007,1.07017
-0.27468,0.607656,0.969781
-0.312693,0.515401,0.433829
-0.29744,0.536007,0.962712
-0.361832,0.720232,0.821949
-0.316237,0.580122,0.893204
-0.278411,0.365426,0.696181
-0.224039,0.446627,0.716155
-0.201533,0.565551,0.815152
-0.178227,0.465637,0.820245
-0.199819,0.552844,0.843443
-0.180729,0.736904,0.854126
-0.222545,0.755424,1.04527
-0.299831,0.750295,1.08024
-0.243048,0.638719,0.905473
-0.186059,0.532047,0.976045
-0.246173,0.435431,0.967289
-0.245908,0.49272,0.800036
-0.22564,0.393909,0.762082
-0.26585,0.342458,0.959215
-0.239159,0.352871,0.716562
-0.209955,0.409125,0.877483
1.26692,0.303155,6.35781
0.479509,-0.116448,0.774707
0.553404,-0.0940481,0.547174
0.487984,-0.00168101,0.723274
0.510465,-0.0634389,0.862339
0.453167,-0.0528116,0.637305
0.33186,-0.0759094,0.776642
0.169555,-0.256387,0.657768
0.0630994,-0.517863,0.97617
0.0969034,-0.679473,1.1128
0.123915,-0.833201,1.15902
0.212622,-1.17664,1.29669
0.283045,-1.47632,1.89633
0.377161,-1.71331,2.04778
0.447025,-1.96788,2.13707
0.467502,-2.16482,2.65944
0.503766,-2.35601,2.8644
0.579475,-2.64774,3.18825
0.627572,-2.85207,3.63229
0.740809,-2.77412,3.53393
0.728631,-2.64533,3.54274
0.695303,-2.39274,3.44257
0.684645,-2.09744,2.97776
0.669917,-1.83251,2.61371
0.644857,-1.64651,2.23129
0.578604,-1.47162,2.09673
0.556086,-1.27116,1.70551
0.505947,-1.03231,1.54247
0.58579,-0.892652,1.28298
0.640707,-0.600973,0.927678
0.620079,-0.255188,0.827863
0.730014,-0.0263571,0.57809
0.674337,0.196782,0.416599
0.554266,0.227204,0.224091
0.40452,0.037064,0.41099
0.355982,-0.157652,0.650178
0.508385,-0.209141,0.75764
0.5592,-0.317922,0.737661
0.464948,-0.386728,0.875199
0.271951,-0.427744,0.90909
0.202257,-0.796988,1.14013
0.05765,-1.15137,1.64684
-0.0700415,-1.53698,2.14625
-0.0377391,-2.0208,2.65318
-0.168262,-2.20323,3.06755
-0.489208,-1.27087,0.668689
0.147593,-3.15593,0.00167721
0.190239,-2.05757,6.80956e-05
0.112401,-1.56383,0.00143719
-0.0938635,-1.16384,0.00372017
0.0513934,-1.04397,0.00111726
0.115828,-1.44428,0.00107672
-0.0121229,-2.10414,0.000733003
0.0572853,-2.024,0.000721371
0.0954908,-1.58657,0.00168498
0.0247333,-1.84822,0.000801326
-0.0412555,-2.066,0.00234359
-0.0861579,-1.71078,0.00824321
-0.0160368,-1.331,0.0269899
-0.13659,-1.31914,0.0389671
-0.157811,-1.63347,0.0858557
-0.172779,-1.42694,0.1213
-0.213228,-1.15159,0.103526
-0.195379,-1.23729,0.105508
-0.211834,-1.01912,0.0697245
-0.187547,-0.376128,0.215444
-0.163518,0.0224989,0.250483
-0.301962,0.170244,0.163932
-0.306739,0.577787,0.0670057
-0.324046,1.27519,0.00489948
-0.276521,1.78423,0.00110421
-0.364294,2.08382,0.000934613
-0.279654,2.7316,0.00181236
-0.282407,3.20573,0.00224981
-0.300921,3.00905,0.00341758
-0.429895,2.68178,0.00783325
-0.52119,2.67996,0.00699607
-0.526374,2.55057,0.00812454
-0.597217,2.39016,0.0164458
-0.543214,2.11062,0.00655188
-0.588194,1.79645,0.00616462
-0.62456,1.27429,0.00828381
-0.58257,0.789355,0.0272291
-0.569128,0.661706,0.0173286
-0.460271,0.468363,0.0211506
-0.417329,0.359533,0.00937609
-0.363862,0.390378,0.0252023
-0.338095,0.62366,0.0106658
-0.272851,0.659266,0.0271973
-0.226077,0.568741,0.0275719
-0.246736,0.549022,0.0222937
-0.181942,0.536469,0.00844009
-0.136612,0.417904,0.00615506
-0.140264,0.247266,0.00626488
-0.0706518,0.261641,0.00626945
0.017645,0.367885,0.002071
-1.72126,-0.602526,1.56032
-0.580652,-0.86269,0.779828
-0.711251,-0.851167,0.822
-0.689374,-0.912049,0.798673
-0.713761,-0.632722,0.973618
-0.792924,-0.315642,1.32178
-0.747697,-0.241685,1.37089
-0.722706,0.155764,1.74399
-0.680244,0.564206,2.32156
-0.606518,0.759844,2.41655
-0.662945,0.877557,2.73126
-0.760025,1.16553,3.17365
-0.743595,1.46821,3.60398
-0.904205,1.52956,3.7396
-1.00609,1.71165,4.17696
-0.930359,2.13435,4.51221
-0.803651,2.46806,4.49482
-0.669847,2.60972,3.43522
-0.133594,3.26171,2.3731
-0.0818938,4.12059,3.28528
-0.188275,4.04486,4.6053
-0.22215,3.46085,4.2521
-0.114053,3.59478,4.3664
-0.0812583,4.12299,4.65456
-0.0600558,3.88714,4.89227
-0.225658,3.79395,4.94937
-0.0943632,4.20622,5.80411
-0.0195069,4.44956,6.14876
-0.0918411,4.28743,6.0338
-0.0513165,4.29458,5.72056
0.119675,4.42214,5.68553
-0.0482467,4.32812,5.88028
-0.103416,4.07006,4.9534
-0.0337629,3.94191,5.35383
0.136921,3.98989,5.5205
0.0658702,3.96856,5.89927
-0.0943837,3.9083,5.99761
-0.158419,3.92931,5.88723
-0.0309573,4.06543,6.33433
0.0911571,3.95151,6.22227
-0.0285352,3.80865,6.27285
-0.0102916,3.81007,6.3326
-0.111415,3.73831,5.95957
-0.135401,3.34774,5.6985
-0.0261898,3.32162,5.39712
0.0446947,3.44609,5.53907
0.0204087,3.45076,5.94876
-0.19719,3.33817,6.02955
-0.122732,3.16092,5.90106
-0.0889732,3.13247,5.82517
-0.0597551,2.96729,5.70769
-0.105418,2.73811,5.24461
-0.100966,2.59081,4.89568
-0.0686234,2.50479,4.40982
-0.0468731,2.34362,4.32473
-0.0210061,2.1171,4.00493
-0.0466141,1.9533,3.71902
-0.0914588,1.75241,3.39385
-0.083627,1.62679,2.97936
-0.082754,1.59928,3.01581
0.00132864,1.80141,3.27162
0.00333717,1.97202,3.54563
0.0368137,2.03708,3.76497
0.0912731,2.3064,4.04996
0.0903856,2.44587,4.49527
0.100385,2.30576,3.92681
0.0720905,2.10282,2.90747
0.0625539,2.14292,1.97054
0.0885123,2.216,1.50833
0.0718668,2.10905,0.728754
0.0975268,1.97306,0.148642
0.0810385,2.02244,0.000838136
0.041027,1.99536,0.000177007
0.0163722,1.96908,0.000559174
0.0296633,2.01607,0.000746667
0.0133263,2.13169,0.000572707
-0.0222169,2.11269,0.000601792
0.0268281,2.13894,0.00134448
0.0176376,2.1751,0.00262082
-0.0391396,2.10238,0.00382813
-0.0401919,2.05945,0.00288075
-0.0734314,1.99927,0.00116016
-0.0863718,1.95171,0.000696548
-0.102639,1.83215,0.000379506
-0.065126,1.71947,0.000409307
-0.098581,1.59106,0.000287885
-0.120705,1.49197,3.73264e-05
-0.128484,1.3542,6.25346e-05
-0.160914,1.25747,0.000100151
-0.150208,1.24919,0.000202163
-0.156066,1.20769,0.000143699
-0.13228,1.06858,4.78106e-07
-0.0964792,0.925657,5.76859e-05
-0.116572,0.922304,5.47799e-05
-0.143426,0.860791,4.42729e-07
-0.161089,0.822666,7.18374e-06
-0.117659,0.874683,9.80935e-05
-0.0862542,0.833455,0.000116456
-0.114977,0.901455,8.52726e-05
-0.121347,0.84824,5.44062e-05
-0.131572,0.820058,6.62835e-05
-0.0675859,0.718191,4.26533e-05
-0.133124,0.666172,2.33184e-07
-0.0381152,0.684506,5.50417e-05
-0.63198,0.335259,5.9339
-0.05414,0.0161092,0.00295166
-0.0507139,0.0396036,0.0191695
0.00156189,0.00648644,0.141533
-0.115428,-0.0317138,0.098458
-0.133333,0.0114348,0.0894115
-0.0890288,-0.0194899,0.00741896
-0.126382,-0.250426,0.208066
-0.148458,-0.314321,0.229144
-0.140234,-0.180707,0.275569
-0.135202,-0.239328,0.12037
-0.135469,-0.369255,0.444768
-0.139293,-0.190789,0.0279451
-0.0729192,-0.0669881,0.031082
-0.16833,-0.177598,0.0671356
-0.188169,-0.294361,0.348908
-0.11609,-0.135543,0.0032687
-0.224027,-0.177773,0.118681
-0.225102,-0.413137,0.0820448
-0.214289,-0.436474,0.103333
-0.213899,-0.427815,0.186646
-0.197578,-0.519875,0.0262977
-0.220311,-0.644594,0.213162
-0.201733,-0.633502,0.00416433
-0.219037,-0.602579,0.141016
-0.190843,-0.672071,0.307749
-0.150492,-0.712046,0.163339
-0.114292,-0.605357,0.196337
-0.108797,-0.562346,0.195041
-0.153033,-0.580877,0.130681
-0.0794874,-0.538095,0.158609
-0.0845252,-0.455326,0.146448
-0.189134,-0.441306,0.180369
-0.113555,-0.373286,0.0540736
-0.106614,-0.413501,0.150655
-0.198582,-0.503953,0.0459281
-0.202897,-0.444158,0.155009
-0.268728,-0.359215,0.0365629
-0.124061,-0.454325,0.10178
-0.129582,-0.444962,0.0870752
-0.0812783,-0.286113,0.043412
-0.0576334,-0.346379,0.206901
-0.108134,-0.330116,0.138429
-0.0997078,-0.296282,0.072843
-0.109581,-0.191415,0.0593038
-0.0809826,-0.171355,0.0284307
0.0533096,-0.212694,0.159412
-0.0324426,-0.122163,0.0171917
0.0817771,-0.0697267,0.207956
0.0519087,0.0161003,0.0971538
0.0839994,0.0511396,0.0685379
0.100109,-0.0138632,0.1958
0.0357133,0.0768551,0.191469
0.160018,0.0288864,0.231238
0.0672366,-0.00730549,0.0484904
0.0842506,-0.00882672,0.04848
0.0661633,0.133669,0.110646
0.0494542,0.0102105,0.0791694
0.0359001,-0.0628868,0.056096
0.0277124,-0.00724507,0.0545908
0.0273295,0.015233,0.0958687
0.0522399,0.0079119,0.112481
-0.036201,0.0117628,0.00544678
0.0270288,-0.0345951,0.13296
-0.027794,-0.00965483,0.0724071
0.0109561,-0.0620689,0.0906134
-0.058289,-0.0636436,0.0342872
-0.0700562,-0.0418641,0.101284
0,0,-2.19902e+12
-0.0872665,-0.0225048,0.113131
-0.118663,0.0027586,0.0263096
-0.0213438,0.00871207,0.132591
-0.0687098,-0.0214812,0.0036714
0.0240533,0.0072966,0.114656
-0.0320912,0.0445159,0.0576473
-0.0484371,-0.043146,0.0564755
0,0,1.79366e-43
0.031901,0.0194025,0.0245558
-0.0466799,0.192652,0.203402
-0.0402646,0.122902,0.192186
0.0277725,-0.00420802,0.175227
-0.017811,0.0569168,0.0891985
0.121003,0.123433,0.343114
0.130826,0.235768,0.322779
0,0,3.97411e-34
0.118561,0.214788,0.194508
0.0372887,0.0816161,0.163622
0.115127,0.0538393,0.237891
0.0320419,0.111355,0.166015
0.125224,0.187737,0.202992
0.0290521,0.283352,0.310989
0.0779621,0.0670667,0.334132
0.0280966,0.0809726,0.345741
0,0,0
0.0671728,0.0902076,0.299611
0.0339954,0.0718833,0.248319
0.0749428,0.164642,0.321173
0.0179657,0.146588,0.182961
0.957733,0.857185,11.5269
0.129372,0.0308978,0.288725
0.0482257,-0.0773562,0.39022
0,0,0
-0.01392,-0.162297,0.290208
-0.0166751,-0.216845,0.275537
-0.0309569,-0.195721,0.33042
-0.0522371,-0.18784,0.309113
-0.149494,-0.238823,0.297688
-0.245873,-0.249829,0.213887
-0.289346,-0.206682,0.331371
0,0,0
-0.349944,-0.242219,0.384259
-0.287274,-0.289487,0.347324
-0.36966,-0.246106,0.473029
-0.351383,-0.245335,0.347902
-0.355739,-0.208075,0.421136
-0.300289,-0.14374,0.291584
-0.232838,-0.0309448,0.276195
-0.135074,-0.0252631,0.716181
0,0,0
-0.0492095,-0.0967987,0.322326
-0.136096,-0.125376,0.623782
-0.0504084,-0.0963354,0.366604
0.0022127,-0.0661763,0.464756
-0.111792,-0.0874991,0.271982
-0.0157457,-0.14,0.452521
0.0460734,-0.0607031,0.314207
0,0,0
0.168181,-0.0983654,0.620629
0.159405,-0.161141,0.517877
0.208787,-0.156644,0.518204
0.197415,-0.14591,0.606203
0.13002,-0.161831,0.345592
0.0998576,-0.24547,0.353639
0.0219946,-0.192967,0.184343
0,0,0
-0.0210007,-0.273024,0.273898
0.000150277,-0.260094,0.278065
0.0233859,-0.166768,0.360717
0.0245936,-0.162631,0.244299
0.00705051,-0.276827,0.353436
0.0100016,-0.254328,0.209423
0.0639757,-0.19349,0.169554
0.0640484,-0.284793,0.608291
0,0,0
0.109161,-0.223994,0.284776
0.199131,-0.127911,0.929508
0.172832,-0.189473,0.298832
0.15397,-0.278913,0.605338
0.227592,-0.187286,0.479767
0.145638,-0.118767,0.365225
0.117971,-0.270102,0.68974
0,0,0
0.184587,-0.160431,0.378533
0.227585,-0.0568752,0.418718
0.240477,-0.152379,0.356517
0.271138,-0.154827,0.325095
0.288913,-0.054169,0.434359
0.329284,-0.0129579,0.688999
0.266992,-0.220782,0.83045
0,0,0
0.24261,-0.152691,0.481775
0.222024,-0.128068,0.585745
0.419419,-0.2687,0.534054
0.454637,-0.332407,0.597484
0.512663,-0.278052,0.641739
0.560496,-0.342087,0.554254
0.602419,-0.466429,0.699326
0.564225,0.344031,10.4627
0,0,0
-0.319449,-0.0345493,0.00214334
-0.266144,-0.00869313,0.00127898
-0.284695,0.00561732,9.12482e-05
-0.27143,-0.0170656,0.00193754
-0.207094,-0.016353,0.00527839
-0.226899,0.00515632,0.00455199
-0.184122,0.0155871,0.000290606
0,0,0
-0.111151,0.00211123,0.00360737
-0.130571,0.0441966,0.0037349
-0.148817,0.0356024,0.00189084
-0.0806203,0.0251656,0.00306743
-0.122554,0.0632908,0.00251102
-0.0918536,0.0227558,9.3354e-05
-0.109977,0.0291263,0.000842835
0,0,0
-0.132411,0.0555549,0.00172069
-0.161782,-0.0131557,0.00030581
-0.189811,-0.0151702,0.00221592
-0.225815,0.0136833,0.000722446
-0.206949,0.031385,0.00226573
-0.240107,0.0301887,0.00146079
-0.298499,0.040434,0.00111162
-0.306517,0.00791735,0.0010406
0,0,0
-0.370407,0.00961194,0.000606531
-0.384036,-0.0269714,0.00041546
-0.381498,-0.0130984,0.000817899
-0.437858,-0.023244,0.000641035
-0.460803,-0.0392965,0.00103303
-0.529423,-0.0480727,0.000334966
-0.607835,-0.0648925,0.00148637
0,0,0
-0.616734,-0.0876656,0.00119583
-0.107882,0.15543,2.26727
-0.40626,-0.656906,0.271345
-0.182696,-0.204842,0.264951
-0.180903,-0.122813,0.328089
-0.257751,-0.0915063,0.182025
-0.216061,-0.0784418,0.275011
0,0,0
-0.251392,-0.0801371,0.313724
-0.187571,-0.0916317,0.258037
-0.175762,-0.077104,0.243872
-0.295446,-0.176786,0.463904
-0.140518,-0.170496,0.203571
-0.174185,-0.0984653,0.275864
-0.374697,-0.249708,0.45457
-0.507989,-0.00502111,0.282834
0,0,0
-0.428018,-0.134054,0.491616
-0.558537,-0.0622172,0.357658
-0.538411,0.0284904,0.307966
-0.474036,-0.0321089,0.00265692
-0.552028,-0.0601203,0.228263
-0.463725,-0.0767448,0.196926
-0.591224,-0.0541466,0.428643
0,0,0
-0.282767,-0.00700799,0.115585
-0.191781,0.032649,0.276847
-0.110377,0.181433,0.328187
-0.104673,0.0963852,0.442185
-0.171825,0.0645707,1.01873
-0.20357,0.0918926,1.65802
-0.130633,0.0926912,0.16973
0,0,0
-0.121039,0.0980161,0.160258
-0.0252905,0.0308141,0.099133
-0.102584,0.0326829,0.398108
-0.043576,0.0635387,0.479048
-0.0689219,0.0569901,0.134081
-0.0970601,0.0426778,0.363769
-0.0837597,0.0477064,0.714763
-0.0580722,0.0216743,1.4688
0,0,0
-0.0454532,0.0563501,0.700709
-0.0439409,0.0779669,0.658457
-0.0702144,0.0171745,0.6789
-0.0283098,0.0579478,0.555624
-0.025657,0.0385394,0.263295
-0.0976835,0.00956409,0.165377
-0.0829313,0.0797004,0.264366
0,0,0
-0.0506262,0.0298139,0.355852
-0.0324024,0.0606114,0.318914
-0.0229299,0.0632872,0.164136
0.0401184,0.0208476,0.0877422
-0.17582,0.152384,0.251338
-0.256739,-0.0234284,0.187656
-0.0857338,0.0556726,0.0912374
0,0,0
-0.131893,0.089213,0.0125269
-0.130234,0.0268644,0.0023962
-0.0561469,0.0159489,0.0356974
-0.0297107,0.00186216,0.0344076
-0.0419888,-0.00928111,0.0286228
-0.0341162,-0.0133241,0.0232134
-0.0570188,-0.0610166,0.00668192
-0.0867181,-0.0182645,0.00792429
0,0,0
-0.0635737,-0.0344576,0.00971184
-0.0944045,-0.0230972,0.0069464
-0.14115,-0.0194139,0.00527244
-0.101845,-0.0427347,0.00588986
-0.111566,-0.0580162,0.0227081
-0.0893682,-0.0776218,0.0145581
-0.111546,-0.0316813,0.010261
0,0,0
-0.118655,-0.0303887,0.0212881
-0.124028,-0.0408554,0.0569711
-0.133692,-0.0428425,0.25327
-0.13578,-0.0420436,0.512876
-0.163177,-0.0149781,0.696497
-0.209029,-0.0435618,0.941032
-0.214571,-0.0207691,1.27932
0,0,0
-0.280917,-0.0499011,1.37031
-0.275355,-0.0483328,0.930484
-0.208747,-0.0641433,0.678359
-0.2019,-0.00810852,0.920566
-0.242389,0.0530516,0.970184
-0.483241,0.0775545,0.945034
-0.526778,0.114359,0.777683
-0.548845,0.125007,1.40141
-0.529722,0.118573,1.73052
-0.490077,0.0537499,2.1137
-0.181499,-0.0112448,1.56142
-0.174057,0.0224676,1.52434
-0.027735,-0.0174943,1.04307
-0.0725577,0.042499,0.746946
-0.0958488,0.0355486,0.425384
-0.012233,-0.013352,0.330035
-0.147548,-0.0087376,0.376647
-0.0947788,0.0500664,0.288584
-0.0720421,0.0647137,0.235702
-0.0836612,-0.0112945,0.258278
-0.0136028,-0.0239015,0.246927
-0.0307668,-7.10591e-05,0.308149
0.002779,-0.0222747,0.301086
-0.0765526,-0.0206069,0.224448
-0.101738,-0.00941898,0.244037
-0.0326246,0.04626,0.227358
-0.0385726,0.0698091,0.230338
-0.0899196,-0.00792577,0.317965
-0.096986,-0.0128168,0.348832
-0.0612587,-0.0103241,0.306883
-0.0445303,-0.00434573,0.422933
0.00215154,0.00212627,0.200022
-0.0751771,0.00638679,0.297464
0.0138222,-0.00122376,0.207181
0.00611323,-0.00130697,0.217117
-0.00100037,-0.0166119,0.336228
0.0141492,-0.0279366,0.199847
-0.0140426,0.0184328,0.224102
-0.021539,0.0619387,0.229085
-0.0504751,0.0343981,0.242475
-0.0375074,0.00186526,0.266873
-0.0766061,-0.00519834,0.351827
-0.0508532,0.0260275,0.280121
0.0228242,0.0702401,0.215444
0.0179713,0.0776794,0.203774
-0.0463713,0.0546418,0.256732
0.0217639,0.0250941,0.256883
-0.0413632,0.0269972,0.307425
-0.0234575,0.110788,0.190652
-0.0183885,0.127257,0.332374
-0.0535446,0.0804608,0.17358
-0.0024327,0.0752938,0.264974
-0.0905317,0.144834,0.313586
-0.0373701,0.0831024,0.290091
-0.121848,0.101615,0.328886
-0.117357,0.130609,0.399753
-0.0486525,0.100045,0.245208
-0.1031,0.12345,0.362452
-0.0786119,0.102204,0.263519
-0.107044,0.159078,0.317852
-0.083871,0.165431,0.398365
-0.0372212,0.141183,0.257499
-0.0100521,0.12191,0.224934
-0.0677168,0.201497,0.429956
-0.02074,0.149651,0.22479
-0.0658696,0.113865,0.408119
-0.0678145,0.11999,0.137288
-0.018445,0.0980948,0.335752
0.00784125,0.0482622,0.1746
0.0105826,0.0131775,0.372739
-0.00403044,0.0559633,0.216109
0.00107925,0.0520975,0.209222
-0.0183976,0.038021,0.347116
0.054418,0.0652331,0.225181
-0.0112825,-0.00243493,0.242942
-0.0955799,-0.0423387,0.540783
0.0292176,0.0628109,0.249518
0.0124937,0.0700722,0.333263
-0.117157,-0.0149427,0.405466
-0.0341706,-0.0128485,0.29522
-0.0718991,0.0880632,0.421785
-0.076872,0.0545387,0.378452
-0.0550618,-0.0245413,0.227125
-0.083984,-0.0107604,0.314963
0.0489241,0.00889777,0.231202
-0.0319447,0.0291995,0.242096
-0.0440811,0.0568742,0.422145
0.0625704,0.0550036,0.094865
-0.0645412,0.0384682,0.314232
-0.0224185,0.0325888,0.260271
-0.115996,0.0731199,0.352656
-0.134672,0.0267859,0.333238
-0.0460848,0.00324132,0.216188
-0.160395,0.020366,0.431881
-0.0724266,0.0658366,0.346803
-0.110968,0.0184577,0.299583
-0.110776,0.0901574,0.396688
-0.07384,0.0846974,0.240314
-0.130515,0.0953871,0.341364
-0.00347684,0.0255856,0.231675
-0.0813054,0.0464757,0.250621
-0.113142,0.0462906,0.35605
-0.0177887,0.0210596,0.241339
-0.0693358,0.0570063,0.248802
-0.0062578,0.0941528,0.240209
-0.0757167,0.053284,0.255505
-0.0449179,0.071992,0.335085
-0.0542425,0.0664461,0.203984
-0.0828504,0.102208,0.209674
-0.0872129,0.121693,0.209494
-0.139402,0.129138,0.376626
-0.0392115,0.0367769,0.227986
-0.0840168,0.0717618,0.251745
-0.00803619,0.110017,0.262101
-0.0595628,0.114155,0.213819
-0.0638336,0.0670539,0.204795
0.0200709,0.0613116,0.1763
-0.050092,0.16759,0.179873
-0.00272831,0.150412,0.203264
0.00551814,0.0359104,0.187705
-0.0788371,0.0710208,0.198964
-0.0275352,0.0829729,0.15979
-0.0383835,0.116321,0.189959
-0.0026948,0.0405905,0.194226
0.0450662,0.000646702,0.00176781
-0.0415898,0.0697331,0.31229
0.0327917,0.0478517,0.00386424
0.149049,-0.0820608,5.17617
0.185223,-0.045518,0.254808
0.155421,-0.008749,0.262741
0.196551,-0.0137703,0.301766
0.13847,0.00803594,0.272344
0.241317,-0.0183406,0.296574
0.188899,-0.024112,0.302403
0.150683,0.0500533,0.32272
0.239032,0.062305,0.218582
0.119505,0.0962915,0.238972
0.17366,0.113015,0.203594
0.252621,0.15854,0.136631
0.267001,0.165822,0.127318
0.304951,0.123886,0.160971
0.263272,0.142127,0.141837
0.238921,0.208559,0.183333
0.258831,0.181879,0.122595
0.333279,0.119848,0.223339
0.342161,0.0533454,0.21596
0.366452,0.156661,0.215972
0.28717,0.107228,0.212853
0.260833,0.0684924,0.254051
0.265469,0.106072,0.206596
0.194916,0.081392,0.0664528
0.172486,-0.00786796,0.475526
0.168532,-0.119322,0.440788
0.258715,-0.216516,0.461594
0.227819,-0.281478,0.541335
0.284244,-0.365266,0.545995
0.239867,-0.3552,0.58492
0.279399,-0.313439,0.686217
0.333519,-0.227934,0.58221
0.40906,-0.125551,0.413578
0.491254,-0.0044769,0.485774
0.462473,0.00491545,0.257038
0.421747,0.0934567,0.289125
0.456178,0.0697406,0.32647
0.388471,0.00452629,0.390793
0.43863,-0.0289912,0.592817
0.479945,-0.0486022,0.285396
0.546465,-0.0567068,0.414325
0.435844,-0.0673996,0.25161
0.482036,-0.0891027,0.558153
0.444028,-0.00550281,0.380833
0.405866,-0.0112938,0.456517
0.358389,0.066406,0.309459
0.465498,-0.0925723,0.285842
0.568017,-0.163837,0.523657
0.578463,-0.280925,0.462473
0.627064,-0.218437,0.483643
0.624978,-0.221549,0.386594
0.535955,-0.24616,0.499433
0.550938,-0.277972,0.510096
0.638255,-0.204436,0.469747
0.603891,-0.203984,0.389637
0.674326,-0.239425,0.467737
0.746891,-0.259508,0.441216
0.735404,-0.132552,0.290835
0.746933,-0.252377,0.484689
0.616787,-0.198171,0.329377
0.658936,-0.0586265,0.196949
1.29573,-0.62527,3.32329
-2.27103,-2.52063,0.957419
-1.88475,-1.81465,1.21587
-2.00729,-1.64396,2.57511
-2.06431,-1.27214,7.434
-1.50978,-0.66328,7.09131
-0.842115,-0.234958,2.45347
-0.0294832,0.37938,0.509978
0.339497,0.941006,1.15302
0.320521,1.46716,2.10944
0.693415,1.00935,6.98592
0.0616895,0.317535,0.580776
0.133044,0.227065,0.454758
0.0582341,0.289504,0.550173
0.09321,0.276827,0.498427
0.122815,0.121447,0.551371
0.0308626,0.380304,0.382417
0.0335935,0.538932,0.604425
0.106166,0.481334,0.382962
-0.217114,0.480711,0.36708
0.0373232,0.471752,0.331684
-0.0949577,0.479542,0.342974
-0.0980457,0.41599,0.312929
-0.0454058,0.28383,0.331361
0.0768518,0.555248,0.388792
1.01372,0.745423,3.98294
0.0489654,2.08501,0.0157358
-0.341508,1.51706,0.0129581
-1.31241,0.266436,0.00633534
-1.60787,-1.00297,0.0178989
-2.00342,-1.24185,0.144722
-2.61115,-0.715498,0.540403
-2.92443,-0.169231,0.79515
-1.72367,-0.186055,1.31555
0.663068,0.477686,0.692656
0.520063,0.504246,0.321292
0.2583,0.35641,0.105064
-0.0795111,0.153115,0.289754
-0.548972,0.0788872,0.832011
-0.849244,0.105848,1.07848
-1.07182,0.0788257,1.09514
-1.12347,0.0373176,1.01002
-1.19972,-0.00679559,0.976769
-1.34805,-0.0690539,1.03755
-2.2415,1.1507,6.47622
0.197878,0.768643,0.688053
0.0131398,0.645118,0.557545
-0.019487,0.564708,0.313063
0.0466643,0.323668,0.291727
-0.0464605,0.359237,0.217351
-0.108295,0.29986,0.217974
-0.0613349,0.1161,0.289498
-0.109556,0.116886,0.00472748
-0.0522287,0.0128,0.0814753
-0.231249,-0.0128229,0.0850039
-0.0539088,0.133664,0.0454948
-0.113303,-0.03047,0.0602969
-0.181275,-0.0117581,0.166071
-0.25528,0.037075,0.200576
-0.234938,-0.0137117,0.1654
-0.299025,0.127458,0.160144
-0.263112,-0.011279,0.140877
-0.318854,-0.0518035,0.102961
-0.14989,0.162478,0.0708782
-0.165637,-0.111284,0.105416
-0.211194,0.032168,0.068111
-0.133937,-0.0186704,0.116697
-0.156802,-0.0299296,0.0984375
-0.303315,0.12773,0.0952719
-0.0611073,0.00882931,0.200211
-0.154805,0.035873,0.106165
-0.214765,0.24042,0.110777
-0.0620998,0.12355,0.265159
-0.199471,0.013734,0.133531
0.0867465,0.229354,0.123725
0.102069,0.246618,0.39226
0.197337,0.364969,0.357653
0.249542,0.0101073,0.246866
0.366434,-0.164481,0.253236
0.0844147,0.563174,7.10903
0.925323,-0.191499,0.648223
0.859964,-0.409364,0.842814
0.746189,-0.738931,0.641169
0.681354,-0.701548,0.54442
0.6545,-0.507769,0.60779
0.660207,-0.612608,0.468634
0.596825,-0.651808,0.605606
0.59137,-0.496709,0.473712
0.687897,-0.329267,0.513071
0.582292,-0.380071,0.540781
0.601554,-0.321883,0.499249
0.616728,-0.111625,0.463851
0.562543,-0.0533952,0.388954
0.63929,-0.142315,0.623411
0.577381,-0.02001,0.497151
0.517825,-0.0546658,0.436031
0.451855,-0.194753,0.494491
0.36156,-0.118582,0.553516
0.366623,-0.152386,0.601775
0.245532,-0.345415,0.411272
0.194254,-0.186134,0.440229
0.265591,0.0812031,0.479354
0.218954,-0.00836126,0.346703
0.314842,-0.154143,0.527591
0.275449,0.0158374,0.440205
0.308707,-0.01263,0.429583
0.289112,-0.129935,0.404392
0.443491,-0.0491558,0.473224
0.436914,0.015718,0.470208
0.579648,-0.070555,0.548536
0.662473,-0.00530234,0.575265
0.575639,-0.00463456,0.548517
0.688746,-0.11189,0.559758
0.667163,-0.36508,0.683562
0.534257,-0.477749,0.366248
0.589061,-0.432593,0.584378
0.494261,-0.409807,0.455256
0.500977,-0.41046,0.304905
0.476974,-0.32121,0.464202
0.423869,-0.239368,0.336129
0.532345,-0.240525,0.439529
0.413088,-0.153857,0.336542
0.504001,-0.234174,0.322472
0.519181,-0.224668,0.322802
-0.305915,-0.323828,6.08951
0.257067,0.0189358,0.176403
0.0220732,-0.0444959,0.0750636
0.165945,-0.147558,0.252512
0.0176913,-0.0616626,0.25235
0.130177,-0.323185,0.162128
0.023076,-0.381609,0.122332
-0.0164382,-0.342736,0.365421
0.00936229,-0.596639,0.379202
-0.041202,-0.654088,0.581507
-0.201017,-0.822142,0.591276
-0.146337,-0.804806,0.600961
-0.223311,-0.601314,0.644345
-0.0510331,-0.656558,0.592492
-0.119886,-0.60977,0.546618
0.0540287,-0.329303,0.182012
0.0897384,-0.455191,0.199259
0.146392,-0.57976,0.496481
-0.075317,-0.553232,0.516273
0.275144,-0.536119,0.403913
-0.151781,-0.541795,0.599276
-0.021309,3.17819,4.27017
-0.0318748,-0.0931479,0.0002165
-0.00745734,0.015183,0.000135129
0.00111829,0.0346426,0.000191539
0.0506925,0.046976,0.000249733
0.0363624,0.123772,5.81156e-05
0.101739,0.0791643,0.000123833
0.0593534,0.113479,0.000221973
0.0495406,-0.0660782,0.00042534
0.0399261,0.0431379,0.000418085
0.0289137,-0.0668385,0.000110787
0.044582,0.025165,8.44903e-05
0.0281741,0.0732613,0.000340158
0.0447577,0.0564808,0.000391416
-0.432735,-7.22585,0.00146065
-1.39377,-6.05563,0.00095227
-0.700009,-1.34506,0.00174555
0.385812,-0.397525,0.00182173
0.204571,1.85702,2.73358
0.45773,-0.211564,0.0127807
0.31965,-0.0306128,0.0104694
0.228057,-0.0628673,0.0205703
0.100183,-0.0846569,0.00459438
0.0656735,-0.208724,0.0301101
0.0455586,-0.216393,0.00846673
0.0370834,-0.15945,0.00677358
0.0247573,-0.0957454,0.0127916
0.0181284,-0.0309748,0.00477307
0.0328067,-0.037317,0.000488103
0.0332784,-0.0374007,0.00174852
0.0422053,0.0795538,0.000140629
0.025158,-0.0400223,9.53329e-05
0.115202,0.0240665,9.53452e-05
-0.0320913,1.18081,15.0429
-0.232173,0.701745,0.785472
-0.0780922,0.737992,0.654889
0.0638295,0.771629,0.660455
0.204847,0.789976,0.523835
0.54982,0.829257,0.87219
0.715825,0.938689,1.0552
0.869828,1.03602,1.41921
0.863309,1.1345,1.42752
0.767236,1.30947,1.57972
0.688289,1.47524,1.62195
0.716655,1.53236,1.8727
0.856847,1.52451,1.94061
0.957333,1.59603,2.17797
1.10892,1.60183,2.24872
1.16624,1.60824,2.37371
1.32074,1.57309,2.50008
1.45266,1.57865,2.61455
2.5558,-0.13137,3.37794
-0.154101,-0.0294969,0.151225
-0.272043,0.271583,0.0988387
-0.00811566,0.179291,0.123827
-0.272107,-0.0305368,0.132727
0.0975369,0.264488,0.214905
0.101636,0.229409,0.212433
0.229562,0.427465,0.292921
0.242019,0.0376472,0.268857
0.425893,-0.235571,0.235884
0.427819,0.272439,0.243848
0.18441,0.0468625,0.350188
0.197888,0.197201,0.162454
0.269493,0.370544,0.205281
0.289204,0.158969,0.18741
-0.0061464,0.488784,0.324869
0.271144,0.35218,0.223062
0.079464,0.141486,0.174498
0.324197,0.396159,0.163809
0.490856,0.234652,0.185002
0.2583,0.179245,0.13992
0.357565,0.199564,0.154554
0.135916,0.17553,0.117735
0.182189,0.199798,0.0591535
0.128137,0.386504,0.060315
-0.0240019,0.274488,0.146912
-0.150399,0.44448,0.231648
-0.213201,0.385017,0.323567
-0.203028,0.210954,0.312822
-0.453958,0.139593,0.377026
-0.210738,-0.142875,0.349623
-0.469864,-0.544001,0.746318
-0.397206,-0.850775,0.713892
-0.242997,-1.10293,1.19466
-0.554368,-1.16949,1.09697
-0.301659,-1.04548,1.09718
-0.574209,-0.86448,1.02451
-0.577626,-0.691724,0.9823
-0.529411,-1.23936,1.25704
-0.568307,-1.35185,1.3406
-0.731804,-1.19533,1.33436
-0.606943,-1.36157,1.49857
-0.470576,-1.67843,1.45119
-0.515554,-1.4349,1.52788
-0.190284,-1.31307,1.15687
-0.234848,-1.44799,1.29008
-0.31693,-1.43872,1.34504
-0.45906,-0.838228,0.781777
-0.255119,-0.316606,0.503362
-0.0925078,-0.363058,0.438823
0.0749166,-0.0154757,0.163955
0.388912,0.313867,0.0967642
0.221518,0.582001,0.290549
0.161567,0.823266,0.426875
0.014445,0.677253,0.415165
0.0944466,0.360285,0.133985
0.191698,0.630188,0.283558
0.370847,1.02563,0.724507
0.560199,1.07043,1.01809
0.288917,1.19896,0.980134
0.388703,1.48327,1.46439
0.273647,1.57013,1.43364
0.0180909,1.03233,1.12538
-0.00849598,0.769343,0.739795
0.269138,0.703177,0.642671
0.376678,0.173963,0.158613
0.0564954,-0.145922,0.384764
0.46907,-0.171155,0.0189232
0.419903,-0.000608075,0.0183652
0.109377,-0.105975,0.219049
0.286608,0.210783,0.624258
0.0550388,0.0961758,0.530903
-0.144016,-0.525148,0.0423994
-0.196303,-0.849304,0.235498
-0.107829,-0.859169,0.271288
-0.129184,-1.40966,0.722845
0.00485454,-1.36139,0.698564
0.0930505,-0.354052,0.161988
0.382235,0.240637,0.574467
0.390241,0.178974,0.61278
0.282794,0.227839,0.690125
0.645964,0.582996,1.0337
0.710585,0.887995,0.957794
0.645625,0.790352,1.42404
0.705237,1.24061,1.72959
0.68031,1.20639,1.23719
0.824019,1.11005,1.84463
0.672488,2.4839,2.58427
0.606054,3.59083,3.53943
0.367551,3.04881,3.3183
0.0447949,2.27981,2.35256
0.206361,2.44719,2.44696
0.0394305,2.28239,2.63231
0.128149,1.35709,1.75365
0.405076,1.84046,1.51978
0.144494,2.78115,2.6955
0.327247,2.13411,2.20095
0.336169,0.758795,0.713205
0.303479,0.199239,9.29617
0.0670388,-0.820845,0.193629
0.0619654,-0.793207,0.254124
0.0592361,-0.862264,0.242623
0.0505729,-0.89405,0.196095
0.086534,-0.839592,0.188895
0.0492749,-0.868097,0.18411
0.074542,-1.02537,0.296379
0.0593994,-1.0152,0.305707
0.0831012,-1.02055,0.322364
0.136346,-1.08678,0.243257
0.168449,-0.958314,0.30211
0.15935,-1.05308,0.448784
0.162022,-1.03764,0.325305
0.181803,-0.954919,0.294442
0.170273,-0.925366,0.250344
0.177288,-0.904579,0.271681
0.203215,-0.986894,0.302704
0.181387,-0.928138,0.308106
0.211554,-0.900829,0.254643
0.317979,-0.905705,0.2672
0.309743,-1.05395,0.626462
0.295321,-1.1069,0.503961
0.440722,-0.972258,0.401596
0.291608,-0.940038,0.462631
0.326987,-0.883701,0.298287
0.269424,-0.821496,0.260132
0.281577,-0.827016,0.206355
0.273072,-0.752831,0.221667
0.200094,-0.640687,0.220086
0.239974,-0.585708,0.20803
0.246855,-0.521523,0.187888
0.220971,-0.511173,0.18335
0.143754,-0.498817,0.186566
0.08406,-0.423043,0.0439475
0.0789672,-0.346834,0.205229
0.127671,-0.247555,0.209346
0.0796314,-0.227559,0.109816
0.0719272,-0.1746,0.101977
0.0843932,-0.027417,0.148134
0.156457,0.00320902,0.138979
0.143422,-0.0152306,0.130942
0.0931021,0.0208452,0.121691
0.227766,-0.0250652,0.187886
0.19001,0.109844,0.189837
0.101831,-0.042757,0.0986639
0.0814336,-0.046592,0.092356
0.137209,-0.0123042,0.20808
0.133134,-0.0273918,0.175908
0.146956,-0.061163,0.22886
0.280063,0.000919986,0.219966
0.289693,-0.0328449,0.186421
0.347615,-0.0294676,0.247226
0.292381,0.114296,0.321652
1.04356,-0.897423,4.10739
0.274064,-0.115055,0.152047
0.496261,0.0917144,0.138395
0.292859,0.289224,0.0411542
0.23528,0.150388,0.0659031
0.154621,0.29884,0.0612479
0.170529,0.481432,0.131622
0.290879,0.771346,0.328689
0.238975,0.863958,0.284721
0.124681,0.548362,0.178098
0.12333,0.470858,0.112638
0.309409,0.544733,0.120094
0.137267,0.364135,0.0900542
0.0739678,0.148314,0.0413137
0.161548,0.0902543,0.0812899
0.211407,-0.0429009,0.169444
0.193328,-0.174157,0.218517
-0.0271232,-0.213116,0.202769
0.0969825,-0.0757986,0.167829
0.0829848,0.138675,0.135771
-0.0259238,0.0213091,0.186948
-0.0941133,0.0530787,0.152376
-0.176446,0.134934,0.15399
-0.102001,0.0893391,0.167957
0.0030598,-0.13398,0.213307
0.16817,-0.0885675,0.211577
0.0676331,-0.104692,0.204848
-0.03294,-0.237166,0.280363
-0.0452846,-0.319143,0.26006
-0.00591789,-0.178699,0.281582
-0.0162194,-0.216586,0.282604
-0.229785,-0.38337,0.452949
-0.235163,-0.496664,0.467343
-0.0743671,-0.440911,0.430654
-0.0453125,-0.339134,0.499992
-0.340258,-0.3372,0.484902
-0.402552,-0.284541,0.526612
-0.131388,-0.120728,0.58018
-0.0395402,-0.0323159,0.235598
-0.245322,0.0777353,0.618213
-0.13668,0.0952514,0.262627
-0.387263,0.0211821,0.399051
-0.33738,-0.064795,0.424949
-0.127496,-0.12872,0.532889
-0.0191772,-0.17381,0.501288
0.0163648,-0.0909292,0.454256
0.0101512,-0.0470232,0.377328
-0.0301172,-0.0920234,0.369539
0.0803456,0.175131,0.2192
0,0,-0.00238574
-0.269361,0.207449,0.313439
0,0,5.63912e+29
0.0502923,0.2375,0.312934
0.147713,0.521567,0.160934
0.00772204,0.546672,0.138563
-0.180654,0.521178,0.251498
-0.138879,0.660521,0.276116
-0.0545896,0.997795,0.465109
0,0,1.42326e-20
-0.219488,0.91597,0.450521
-0.303149,0.917603,0.422491
-0.164156,0.893928,0.407596
-0.140581,0.74237,0.367327
-0.242282,0.613933,0.326631
-0.348805,0.514425,0.334277
-0.249445,0.394979,0.333362
-0.0475039,0.299079,0.527912
0,0,-1.09656e-38
-0.651373,0.205459,8.41849
0.309377,0.56031,0.723931
0.207621,0.250375,0.752944
0.145052,0.455696,0.491147
0.28411,0.619243,0.685871
-0.0419182,0.513356,0.677673
0,0,1.09554e-27
0.1266,0.605213,0.884549
0,0,4.89416e-20
0.380086,0.874449,0.930564
0.514587,1.02332,0.955729
0.371547,0.859021,1.30889
0.368925,0.804955,0.936698
0.554716,0.725523,1.03827
0.285792,0.60873,0.954803
0,0,5.21476e+21
0.508694,0.875759,1.01124
0.435107,0.791869,1.16265
1.07372,1.20113,1.37786
1.34869,1.3367,1.27079
0.786745,0.963629,1.24846
0.349759,0.670897,1.25514
-0.187359,-0.0867022,0.933209
0.592572,0.293526,0.51264
0,0,0.0117558
-0.312823,0.353592,0.459645
-0.194916,0.640683,0.24214
-0.0368774,0.527276,0.123154
-0.0541601,-0.0277736,0.0222153
0.0671321,-0.172617,0.128691
0.0527455,-0.138742,0.160366
0,0,0.0628195
0.157994,0.0913888,0.0776365
0,0,4.79351e-30
0.0395658,0.0959429,0.254824
0.0607938,0.184238,0.23457
0.0431581,0.145575,0.217539
0.115352,0.131077,0.393847
-0.120164,-0.0309352,0.0998115
0.2137,0.12496,0.55816
0,0,2.67992e+30
0.53806,0.357452,0.808789
0.501843,0.677574,1.16342
0.705693,1.22622,1.60183
0.499245,1.33774,1.65568
0.569848,1.51213,2.13908
0.417103,1.91045,1.88628
-0.142221,2.93537,5.38245
0.0619271,-0.0683786,0.0436486
0,0,2.75739e+13
0.0099542,0.0911063,0.0742468
0.0303429,0.0705771,0.0396143
0.00178687,0.117148,0.0563404
-0.0261664,0.145604,0.000338816
0.0681204,0.110996,0.0309198
0.0543774,0.238601,0.0937662
0,0,14.3358
0.243866,-0.510725,10.491
0,0,-5.21391
-0.0453423,-0.477095,0.469833
0.189622,-0.403851,0.571163
0.270451,-0.101053,0.49876
0.0276371,0.0457181,0.534699
0.178129,0.330047,0.440302
-0.0512313,0.0833521,0.435399
0,0,-9.30987e-20
-0.188964,0.230523,0.444923
-0.458195,-0.237847,0.639776
-0.298463,-0.00969292,0.477662
-0.405601,-0.244674,0.790954
0.128224,0.87471,10.4615
0.56921,1.86603,2.2227
0.52215,2.24874,2.66685
0.546996,2.13101,2.80121
0,0,0
0.675189,1.99336,2.65983
0.898914,2.06722,2.33131
0.801276,1.87482,2.30578
0.720116,1.65363,1.8028
0.803447,1.33873,1.14627
0.578306,1.21336,1.16547
0,0,0
0.36119,1.3131,1.50131
0,0,0
0.574504,1.88446,1.29751
0.520125,1.97224,0.804469
0.330577,1.3238,0.583366
0.590146,2.10174,0.518803
0.461103,2.21969,0.390569
0.374278,1.84512,0.536268
0,0,0
0.446517,1.75644,1.15898
0.469409,1.59605,1.51385
0.373951,1.34842,2.87927
0.358473,1.17658,1.87143
0.387422,1.24872,2.42375
0.403865,1.26886,1.19629
0.624296,-0.0331773,7.89215
-0.0212705,-0.0363697,0.0157768
0,0,0
-0.00581627,-0.00826663,0.00567008
-0.00205326,-0.0137074,0.00925493
-0.00650999,-0.021041,0.0144674
-0.0186288,-0.0321891,0.00934595
-0.0105942,-0.019913,1.28842e-05
-0.012098,0.00126197,0.00281956
0,0,0
0.986833,-2.25341,0.272608
0,0,0
1.83536,-1.6968,0.359439
2.83603,-1.16195,0.281471
3.78539,0.269991,0.248576
4.48939,-0.0826256,0.149508
2.82198,1.36985,0.139301
-0.983016,1.71342,0.344572
0,0,0
-2.06034,2.58386,1.28348
-3.47573,3.08801,2.01023
-4.03612,2.86566,2.11338
-4.09091,2.31359,2.50792
-4.45874,2.10026,2.57574
-5.46661,1.24795,2.35914
-5.92529,0.837004,1.9226
0.0221559,2.57759,2.77147
0,0,0
-0.209583,2.62218,4.54596
0.086731,2.31172,4.61587
0.238612,2.30494,5.29882
0.251066,2.08657,5.21452
0.123754,1.89838,5.21573
-0.130238,2.13695,4.92518
0,0,0
-0.176134,1.68536,4.92292
0,0,0
-0.245018,1.70326,4.87942
-0.0846944,1.39328,4.62955
-0.115619,1.36803,4.4225
-0.151065,1.29296,4.50336
-0.209049,1.00024,4.69017
-0.268824,1.04913,5.35161
0,0,0
-0.113161,1.10421,5.74237
-0.0716531,1.37821,5.59694
-0.0125098,1.39608,6.00258
-0.0862882,1.32428,7.05709
-0.223964,1.16901,6.71262
0.11639,1.14622,5.13373
-0.0646995,0.98352,4.55116
0.0374761,0.896429,4.50547
0,0,0
0.144611,0.629865,4.37246
0.0526878,0.484621,4.44729
0.0702087,0.41321,4.68937
0.192434,0.574397,4.78913
0.359194,0.819227,5.71653
0.156297,0.920245,5.69389
0,0,0
0.252732,1.01585,5.51948
0,0,0
0.132493,1.10726,5.23168
0.0730152,1.04119,4.7411
0.112862,1.06039,4.93725
0.132047,0.970979,3.07037
0.113136,0.765557,5.31465
0.10593,0.631925,5.5696
0,0,0
0.237324,0.560959,4.66619
0.228988,0.688962,5.33296
0.0853182,0.723096,5.46786
0.110696,0.497483,5.48232
-0.358752,-1.68424,8.813
0.00460113,-0.0160899,0.00010262
0.0302551,0.0280014,0.000142951
0.0213695,0.0341161,0.0293642
0,0,0
0.0105133,0.078556,0.0146291
0.0352198,0.0577974,0.00318266
0.0555447,0.079439,0.0186033
0.0310238,0.0830517,0.00194403
0.012243,0.0781581,0.0209397
0.0108573,0.0797205,0.0165778
0,0,0
0.0405502,0.0696039,0.00263587
0,0,0
0.0110118,0.0437582,0.00522632
0.00932216,0.0366921,0.0110938
0.0977697,0.114188,0.0337631
0.0313143,0.0453823,0.000241784
0.022475,0.0215227,0.00574313
0.0111417,0.0381144,0.00684134
0,0,0
-0.00175229,0.058907,0.087545
-0.000142166,0.0425079,0.0129061
1.50893,1.65511,8.11656
0.0233238,0.711409,4.95827
0.0247785,0.567575,5.20592
0.0676196,0.514072,5.2628
-0.0379091,0.0476057,4.85885
0.306577,0.111148,5.29812
0,0,1.4013e-45
0.0808747,0.115761,5.06979
0.301238,0.260449,5.53814
0.304185,0.383984,5.73635
0.284481,0.27646,6.11926
0.22458,0.439965,5.90461
0.118097,0.491391,6.32927
0,0,0
0.274218,0.452191,5.81337
0,0,0
0.118066,0.601233,6.07409
0.212185,0.62426,5.84288
0.307446,0.548105,5.45347
0.175305,0.59579,5.75995
0.13437,0.750338,6.21689
0.119517,0.957507,6.9353
0,0,0
-0.110212,1.03926,7.15849
-0.0603308,1.2012,6.54153
0.0800361,1.13911,6.66878
0.293934,1.25548,6.8025
0.252768,1.48271,7.20031
0.280577,1.14312,6.57213
1.49948,-0.249949,4.74206
0.231668,-0.0458168,1.40596
0,0,0
0.373899,-0.0291973,2.06068
0.518867,-0.0456799,2.11827
0.50171,0.0240639,2.22547
0.435295,0.124112,1.41761
0.617173,0.0889888,1.05927
0.503177,0.102306,0.347062
0,0,0
0.464813,0.144796,0.474278
0,0,0
0.474713,0.143443,0.293695
0.381978,0.230218,0.711961
0.289121,0.252682,0.0734495
0.244784,0.149965,0.366998
0.363965,0.0708157,0.300856
0.195547,0.0420032,0.000365147
0,0,0
0.186999,-0.116634,0.185552
0.262534,-0.0977314,0.212606
0.334501,0.0964316,0.211158
0.320142,0.089251,0.140363
0.267782,0.100941,0.357153
0.219536,0.251253,0.383684
0.206647,0.337664,0.443016
0.276353,0.375466,0.48949
0,0,0
0.211464,0.434902,0.328344
0.188401,0.348558,0.421728
0.121716,0.396523,0.413829
0.301671,0.436448,0.418128
0.334862,0.457298,0.299388
0.131584,0.505903,0.355333
0,0,0
0.376978,0.216606,0.27254
0,0,0
0.357841,0.32569,0.349703
0.163987,0.441718,0.333877
0.0931032,0.403336,0.312338
0.0958199,0.445602,0.28855
0.188086,0.607458,0.330148
0.346594,0.779217,0.271171
0,0,0
0.119466,0.977718,0.160054
0.239044,1.18692,0.344953
0.324191,1.10748,0.329587
0.441259,1.08221,0.465594
0.40118,1.24905,0.456932
0.222893,1.2669,0.548846
0.236638,1.10976,0.52016
0.320551,1.15488,0.472499
0,0,0
0.331726,0.951941,0.482896
0.253276,0.828865,0.34285
0.199199,0.868558,0.41584
0.166287,0.805591,0.255529
0.43967,0.573044,0.140429
0.108519,0.551602,0.0917883
0,0,0
0.219049,0.646318,0.0709345
0,0,0
0.278129,0.796093,0.0664831
0.258634,0.98397,0.0800146
0.160357,0.940772,0.0695575
0.254213,1.04041,0.0410838
0.495181,1.15187,0.0496195
0.285579,0.827555,0.0491224
0,0,0
0.31057,0.80878,0.0565349
0.263418,0.897865,0.0670379
0.239017,0.825827,0.0734556
0.141918,0.744193,0.0344352
0.403252,0.781349,0.120506
0.229297,0.711339,0.0138813
0.157476,0.629777,0.0963863
0.205426,0.530893,0.141567
0,0,0
0.141859,0.552135,0.160859
0.257132,0.519975,0.176339
0.260001,0.502099,0.176322
0.324798,0.542941,0.125486
0.340131,0.582009,0.0913709
0.296329,0.587448,0.101672
0,0,0
0.307077,0.511541,0.160956
0,0,0
0.275906,0.357394,0.249515
0.244014,0.305039,0.229292
0.253921,0.182411,0.264501
0.29009,0.140179,0.253624
0.22788,0.0982992,0.323456
0.241935,0.279893,0.279221
0,0,0
0.278163,0.330687,0.293001
0.260609,0.44654,0.241466
0.257324,0.61754,0.246909
0.198953,0.500187,0.187773
0.216064,0.403735,0.183767
0.137224,0.325577,0.154347
0.126855,0.365465,0.136227
0.0443653,0.289015,0.123596
0,0,0
0.0815616,0.320353,0.217985
0.0238141,0.34543,0.0588057
0.120952,0.158958,0.128312
0.112565,0.0968697,0.175098
0.0721491,-0.0422197,0.125248
0.0825322,-0.0105565,0.173422
0,0,0
0.138396,-0.0671943,0.23318
0,0,0
0.0661926,-0.0169515,0.17551
0.0608603,-0.016413,0.22376
0.11456,-0.0167625,0.273501
0.0516081,-0.140046,0.219998
0.0692088,-0.159915,0.225286
0.0348283,-0.171191,0.129568
0,0,0
0.061212,-0.226533,0.178722
0.0746028,-0.208255,0.0649628
0.00909264,-0.199144,0.0787654
0.0479586,-0.144554,0.0569923
0.0325951,-0.311763,0.0585112
0.0164636,-0.306478,0.0697667
-0.0565788,-0.336581,0.0683824
-0.252116,-0.637763,2.2066
0,0,0
-0.161618,-0.951936,3.14554
-0.0922429,-1.10652,2.69712
-0.209112,-1.45832,5.71844
-0.268365,-1.38891,3.30536
-0.312243,-1.41313,3.47375
-0.594655,-1.9339,2.7604
0,0,0
-0.366062,-2.06172,2.70854
0,0,0
-0.272889,-2.24463,3.38967
-0.225441,-1.98079,4.6808
-0.279061,-1.45312,3.62876
-0.300287,-1.3994,4.08119
-0.410624,-2.00707,3.88735
-0.235328,-1.28521,3.26628
0,0,0
-0.575145,-1.10585,3.16743
-0.585826,-0.95244,3.05357
-0.596695,-0.699409,2.85534
-0.672437,-1.31632,3.05151
-0.396777,-1.36882,3.00184
-0.338982,-0.68343,3.40771
-0.274818,-0.100099,4.20098
-0.138272,0.280358,4.26166
0,0,0
0.0108073,0.783156,4.06415
0.0951786,0.626247,3.35987
0.128527,0.382452,2.75231
0.0967706,0.621554,2.39469
0.0437903,0.542602,3.03093
0.0212998,0.169097,4.95215
0,0,0
0.210814,0.510997,5.80996
0,0,0
0.347839,1.26829,3.40173
0.105444,1.01133,3.66048
0.0946301,1.31167,4.45814
0.161662,1.35019,3.51977
0.0670003,0.93797,3.26547
0.0805946,0.41087,2.96377
0,0,0
0.10508,0.23698,3.21957
0.17148,-0.226053,3.39997
0.125512,-0.233633,2.96598
0.170808,0.0606673,3.19093
0.395578,-0.603582,3.13437
0.629311,-0.960363,3.1174
0.483022,-1.16802,4.87338
0.438386,-2.06759,5.4533
0,0,0
0.470699,-2.41355,5.69749
0.326706,-2.90638,6.63424
0.196395,-2.53549,8.31319
-1.24304,0.0341335,10.9913
-0.00489568,0.188585,0.212238
-0.269274,-0.362415,0.68835
0,0,0
-0.17062,0.550227,0.579173
0,0,0
-0.0808907,0.0648452,0.231821
0.066192,-0.324197,0.497599
-0.0478016,-0.330494,0.377605
-0.123666,0.10264,0.224681
-0.116952,0.15934,0.43748
-0.0027066,-0.183396,0.317837
0,0,0
-0.0934391,-0.28539,0.355801
-0.350971,0.0855317,0.336418
-0.133826,-0.0677975,11.5596
-0.109386,0.259311,1.02401
-0.161441,0.195805,1.9994
-0.167955,0.0045548,1.2149
-0.127578,0.0172011,0.916344
-0.0996861,0.172225,1.3856
-0.238654,0.246292,0.930008
-0.203504,0.163072,0.328375
-0.0836284,0.177436,0.211688
-0.054747,0.339109,0.112571
-0.106773,0.388396,0.247238
-0.120779,0.358867,0.0902434
-0.101944,0.445725,0.0965236
-0.164955,0.449923,0.219355
-0.136688,0.399802,0.10655
-0.0665445,0.280201,0.063121
-0.0752326,0.257823,0.0637177
-0.113832,0.410174,0.19541
-0.0587949,0.436566,0.662399
-0.0837435,0.317013,1.42822
-0.06378,0.27825,0.405587
-0.0329553,0.433612,0.586479
0.0211051,0.210384,0.42746
-0.995859,-0.960589,13.5669
-0.666065,-2.51342,7.34454
-0.795881,-1.30917,5.44251
-0.693795,-0.905793,4.76959
-0.899639,-1.2794,4.98208
-0.681997,-1.31296,7.46792
-0.93695,-1.2587,6.16206
-1.03666,-1.64918,2.5419
-1.10653,-2.06885,3.45461
-0.956508,-1.84457,3.84622
-0.862531,-1.98676,3.37647
-0.782643,-2.47629,3.04898
-0.726244,-2.62318,5.09852
-0.58432,-2.51178,3.87069
-0.455158,-2.47024,2.08248
-0.277095,-2.98535,2.85388
-0.154221,-3.12186,0.60109
-0.173364,-2.97767,0.913591
0.0614554,-2.99423,1.72791
0.0300698,-3.06883,3.09134
-0.0758784,-3.04096,2.34351
0.067706,-2.63691,2.4404
0.0858611,-2.53213,1.64485
0.0299678,-2.59378,2.98
0.199988,-2.28794,3.28534
-0.265382,-2.10981,1.94181
-0.0956453,-2.51946,1.40499
-0.140815,-2.56151,2.02973
-0.0668911,-2.18983,1.87364
0.0711714,-1.9854,1.65361
-0.192874,-1.9062,2.14315
-0.0243443,-1.91168,1.83641
-0.0290363,-1.67617,1.47894
-0.0699262,-1.63767,1.70504
0.0714911,-1.62511,1.05534
-0.219866,-1.49973,1.36323
-0.355293,-1.56404,1.25132
-0.383041,-1.51392,1.23695
-0.395069,-1.07146,0.70695
-0.392459,-1.05613,0.74319
-0.110696,-1.15054,0.933776
-0.0873256,-1.26141,0.889582
-0.121924,-1.15362,1.12901
-0.115416,-1.54975,1.04085
-0.486641,-1.05607,3.24412
-0.125383,-0.361353,0.992986
0.004128,-0.344127,1.12302
0.0715719,-0.187595,1.07584
0.00876802,-0.11625,1.26807
-0.0543705,-0.058703,1.16838
-0.0478914,-0.0630129,1.03274
-0.0165003,-0.18794,0.969358
0.0861527,-0.342126,1.30978
-0.0165099,-0.35789,1.34463
0.00702491,-0.300823,0.670943
0.0412113,-0.269233,0.843222
-0.049418,-0.321519,0.945481
-0.115633,-0.325041,0.861305
-0.130529,-0.299176,0.828029
-0.129456,-0.409716,1.35781
-0.222718,-0.604385,1.11165
-0.201993,-0.628868,1.55058
-0.177275,-0.596043,1.38021
-0.131436,-0.613312,1.1216
-0.0799761,-0.595479,1.4025
-0.153352,-0.567057,1.50182
-0.0781956,-0.508349,1.17436
-0.060719,-0.453153,1.29022
-0.0145342,-0.498542,1.60126
-0.128356,-0.53677,1.48099
-0.190555,-0.45314,0.945989
-0.340145,-0.45295,1.05605
-0.421513,-0.395788,0.825206
-0.533259,-0.410271,0.426064
-0.426562,-0.323634,0.582697
-0.388641,-0.284282,0.473799
0.217686,-0.392224,4.91261
0.255674,-0.746605,8.04282
0.567556,-0.901807,6.5626
0.3523,-0.894256,5.04514
0.255816,-1.16833,3.54718
0.0454795,-1.2342,1.99007
0.223083,-0.95065,2.01052
0.242715,-0.811577,2.97129
-0.010929,-1.13414,3.10562
0.0148764,-1.04293,5.67329
0.125654,-0.859161,4.88672
0.0543794,-1.05275,6.19679
0.00668126,-1.13445,9.90636
0.0916056,-1.27725,8.28964
0.164738,-0.964992,6.17822
-0.111437,-0.856206,6.45507
0.0110906,-1.03162,4.65203
-0.208309,-0.96624,4.04088
-0.0578251,-0.744799,3.91941
0.0721976,-0.711214,2.77093
0.312023,-0.784167,1.76832
0.210908,-0.766441,1.48319
-0.0955823,-0.834844,2.17574
-0.0377574,-0.750598,3.22046
-0.0752975,-0.772991,2.94658
-0.0770121,-0.543516,1.0992
0.0224612,-0.316056,1.7781
0.07505,-0.235195,1.00884
0.100266,-0.23955,1.87323
0.0642314,-0.210269,4.90948
0.00698289,-0.264903,3.7207
0.054147,-0.198486,4.70602
0.176884,0.108065,4.15989
0.182571,0.104221,3.78367
0.12076,-0.121941,1.46176
0.243229,-0.0168402,0.72145
0.16507,-0.0606658,1.36857
0.0592959,-0.223899,1.94787
0.0442749,-0.00164753,2.29141
0.113522,0.0483003,1.98928
0.0759101,-0.143756,0.149656
0.0400912,-0.054805,0.277481
0.107405,-0.0859666,0.227657
0.0178309,-0.352218,0.264035
-0.00654144,-0.305247,0.0397232
0.0380978,-0.206752,0.0295651
0.0256719,-0.460027,0.354314
0.0591981,-0.572068,1.10065
0.0764197,-0.523699,0.175476
0.064003,-0.447368,0.131962
0.0517629,-0.432399,0.321568
0.126978,-0.303168,0.146036
0.0781975,-0.233299,0.0216484
0.111245,0.0162799,0.0318101
0.0850872,0.121913,0.0311319
-0.0168251,0.0914144,0.0542282
0.0416173,0.187893,0.0396438
0.0997177,0.261982,0.193333
0.11271,0.101522,0.330033
0.0649331,0.106478,0.0253034
0.0990185,0.498041,0.0437465
-0.110189,0.532735,0.0835639
0.0897263,0.0924409,1.12984
0.117164,0.0195866,3.01319
0.143712,0.138375,1.28483
0.190696,-0.0333601,3.94949
0.200776,-0.0293427,6.39313
0.203599,-0.0676444,0.297478
0.207881,-0.217602,0.261079
0.102336,-0.32159,0.173567
0.0333721,-0.314776,0.0447409
-0.0605956,-0.270904,0.0170629
-0.0666445,-0.302813,0.00676999
-0.0342666,-0.358385,0.00435045
0.0339403,-0.325786,0.0354799
-0.0012733,-0.0895296,0.221594
-0.0367533,-0.280999,0.124734
0.108614,-0.443902,0.0151804
0.102748,-0.339173,0.0186663
0.003884,-0.381502,0.0199061
0.0287762,-0.264448,0.0288486
0.0116513,-0.298799,0.048243
-0.00129248,-0.204306,0.0547572
0.39154,-0.538295,0.0511829
-0.198693,-0.212134,1.09486e-05
-0.374048,-0.139247,2.17947e-05
-0.315079,-0.161979,8.03217e-08
-0.446116,-0.18265,5.44836e-07
-0.480479,-0.103556,5.95565e-05
-0.388312,-0.188563,3.62494e-05
-0.463284,-0.104777,8.74361e-05
-0.387838,-0.0936976,2.86795e-07
-0.38013,-0.127242,0.00014123
-0.37947,-0.00451264,3.95581e-05
-0.322448,-0.04848,4.30371e-05
-0.402027,0.0149901,6.07626e-08
-0.307587,0.0116107,0.000245444
-0.324103,0.0589073,5.15605e-05
-0.300477,0.237243,3.29955e-05
-0.254299,0.258847,1.69137e-05
-0.261032,0.389444,2.30012e-05
-0.13137,0.35284,5.99339e-07
-0.152416,0.281889,2.98083e-05
-0.135958,0.193414,4.20337e-05
-0.118039,0.0539525,2.28906e-05
-0.14424,0.00644806,9.51431e-06
-0.39547,0.285087,3.34203e-07
-0.359328,0.726516,0.000203903
-0.162999,0.547831,2.26363e-08
-0.047165,0.276509,2.6633e-07
0.478402,-0.193274,0.00424835
-0.0554997,-0.178566,0.019387
-0.180872,-0.0728722,0.0804821
-0.131084,-0.162204,0.124626
-0.104649,-0.0398262,0.0364106
-0.0502586,-0.205897,0.0548646
-0.0439154,-0.231144,0.037377
-0.0587138,-0.110926,0.0437429
-0.0723571,-0.117355,0.0325899
-0.0404313,-0.108263,0.0405509
-0.0227041,-0.0269722,0.0564367
0.0533468,-0.168229,0.0486706
0.0342784,-0.21628,0.0386918
0.0371199,-0.120744,0.014169
0.0494259,-0.0784581,0.0306188
0.0578668,-0.0951772,0.0253758
0.0529467,-0.107122,0.027894
0.126086,-0.133155,0.0174834
0.115206,-0.135979,0.0359386
0.0885869,-0.129668,0.0193169
0.0137113,-0.266125,0.0257427
0.0194532,-0.0525496,0.0113033
0.0639452,-0.0488773,0.00607792
0.0293418,-0.141734,0.00738896
-0.00540727,-0.0212289,0.0123739
0.0140323,0.0236926,0.0135967
-0.0472113,-0.0179884,0.00912751
-0.0165035,-0.0589002,0.0253513
-0.0247576,-0.0209424,0.0694015
-0.0673402,0.0671215,0.0296193
-0.0427615,0.0223379,0.011289
-0.0574424,-0.0157785,0.00540126
-0.0242204,0.114693,0.00698939
0.0498536,-0.0371219,0.0170574
0.0585789,-0.181387,0.0237506
0.0100076,-0.0430573,0.0385741
0.00553764,0.0923436,0.0352623
-0.0143594,0.00634327,0.0136582
-0.688372,1.01577,2.89498
0.0350271,0.695441,0.855538
0.0405111,0.725715,1.07234
0.040763,0.697971,0.986884
0.0302066,0.714505,0.951086
0.0250462,0.731453,1.03127
0.0325778,0.686166,0.995924
0.00999946,0.694653,0.7834
0.00940011,0.665467,0.914301
0.0276903,0.716024,0.834238
0.002457,0.671215,0.911386
0.0297092,0.693412,0.84671
0.018444,0.667704,0.758867
0.0202328,0.667539,0.769322
0.0276674,0.644954,0.638718
0.0249058,0.632962,0.683264
0.0446293,0.618605,0.677138
0.0257826,0.599974,0.583495
-0.00922658,0.420229,0.637734
0.0518371,0.562813,0.612818
0.0552005,0.563084,0.593334
0.0203838,0.559614,0.503904
0.0568545,0.538338,0.564865
0.0466348,0.542499,0.398131
0.0609333,0.535107,0.488885
0.0289887,0.50091,0.64626
0.0637672,0.48912,0.427377
0.056024,0.504793,0.596664
0.0689139,0.448352,0.472852
0.0575947,0.482649,0.527709
0.0433964,0.457305,0.454052
0.0417719,0.469532,0.401778
0.06936,0.413505,0.379286
0.0784473,0.442232,0.37231
0.0416064,0.414451,0.52584
0.0576342,0.421505,0.380506
0.0582173,0.37019,0.3094
0.086542,0.378908,0.298427
0.079436,0.357029,0.288113
0.085719,0.364229,0.311025
0.064586,0.332133,0.284902
0.0678556,0.318408,0.15238
0.114412,0.260967,0.621533
0.056281,0.278189,0.243791
0.0665777,0.257057,0.289888
0.0585585,0.243889,0.168216
0.0635308,0.202637,0.67076
0.0466812,0.170048,0.338758
0.0431944,0.167342,0.246751
0.0555738,0.10855,0.241019
0.0317828,0.114542,0.319762
0.00719336,0.064233,0.0787146
0.00120991,0.0100524,0.206139
-0.00546941,-0.0337902,0.283425
-0.0563896,-0.082243,0.216054
-0.045917,-0.0963815,0.20535
-0.0429843,-0.16546,0.305429
-0.08971,-0.221342,0.266521
-0.131694,-0.274778,0.472115
-0.14445,-0.331266,0.902123
-0.176585,-0.36374,1.73031
-0.173276,-0.402941,2.78323
-0.244359,-0.463213,3.79925
-0.244874,-0.536964,4.54237
-0.260388,-0.511337,4.8024
-0.267616,-0.58521,4.98697
-0.267764,-0.69855,4.77178
-0.224236,-0.800842,5.54806
-0.182909,-0.857531,5.61988
-0.240506,-0.888298,5.28089
-0.264058,-0.909776,4.8161
-0.32157,-0.924599,6.64099
-0.291193,-0.936364,5.5614
-0.319497,-0.965982,6.22184
-0.358466,-0.97206,7.52874
-0.38911,-1.06356,6.99867
-0.379383,-1.0034,6.96304
-0.386078,-1.00557,7.73041
-0.421767,-0.96353,7.64657
-0.420431,-0.964527,5.83903
-0.342533,-0.975294,4.62684
-0.302241,-0.861594,3.00895
-0.282719,-0.84872,3.46396
-0.326889,-0.896356,3.23642
-0.344029,-0.866721,3.55939
-0.405208,-0.860998,4.58585
-0.38347,-0.831229,5.2959
-0.435552,-0.881141,5.53515
-0.523181,-0.92297,3.66844
-0.482323,-0.874096,1.34203
-0.559794,-0.942441,1.18078
-0.578676,-0.934322,2.01009
-0.693465,-0.938801,4.34305
-0.758394,-1.04503,5.22868
-0.730792,-0.952362,2.68432
-0.726905,-0.879191,1.79481
-0.818885,-0.89041,2.96083
-0.811534,-0.895049,3.45796
-0.87498,-0.840816,4.81306
-0.88995,-0.813207,6.90093
-0.903305,-0.795098,5.86116
-0.889724,-0.83242,8.66265
-0.948606,-0.871932,6.408
-1.03274,-0.892024,7.61537
-1.02215,-0.97217,8.44093
-1.03069,-0.841347,9.01999
-1.01873,-0.782855,8.72018
-0.985676,-0.671444,7.6145
-1.00566,-0.739189,7.41767
-1.09474,-0.768802,6.2633
-1.10432,-0.74604,6.49267
-1.11212,-0.695545,6.20013
-1.16159,-0.792299,5.28878
-1.20527,-0.766986,4.7565
-1.16298,-0.878854,7.33664
-1.22999,-0.815681,7.15253
-1.2005,-0.787298,8.39888
-1.23018,-0.668699,8.90356
-1.2152,-0.504047,4.8937
-1.16268,-0.373841,2.36297
-1.16501,-0.268609,2.35724
-1.1186,-0.193703,3.95417
-1.15559,-0.251932,4.49462
-1.08183,-0.309311,8.95994
-1.07168,-0.191224,7.37698
-0.980085,-0.178875,7.60875
-1.07453,-0.13107,6.65828
-1.02619,0.0300404,4.75325
-0.878426,0.0728345,3.58382
-0.905711,0.139822,1.90611
-0.852555,0.052669,1.9777
-0.930691,0.133687,2.41102
-0.866513,0.140808,2.45214
-1.00745,0.333114,3.06814
-1.20176,0.432007,3.44422
-0.875749,0.464088,3.2672
-0.705697,0.294546,3.49737
-0.849314,0.494585,2.20719
-0.831596,0.597899,1.87544
-0.739529,0.675577,1.25613
-0.920764,0.769321,2.06278
-1.03312,0.787232,1.99982
-1.01356,0.656343,3.16987
-1.03245,0.66272,3.25725
-1.16772,0.89232,3.84514
-1.45878,1.11075,4.15076
-1.34866,1.03458,5.95493
-1.26092,0.874136,4.9386
-1.48115,0.920793,2.43564
-1.90881,1.2647,2.70342
-2.05122,1.56222,2.33814
-2.1761,1.37629,2.2345
-2.23058,1.45759,2.02889
-1.01042,2.1716,14.419
0.0152033,0.0282851,0.294466
0.0197532,0.135332,0.300325
0.0195716,0.133536,0.19911
0.0202339,0.198283,0.207109
0.0239851,0.187273,0.270151
0.00838589,0.134676,0.236477
0.0143858,0.168281,0.313885
0.0148664,0.2008,0.257949
0.0242968,0.146408,0.247644
0.0243696,0.160696,0.286064
0.0185158,0.185424,0.229404
0.0317544,0.208878,0.365056
0.0278431,0.201005,0.554146
0.0127534,0.25581,0.266087
0.0122877,0.241013,0.239024
0.0524686,0.269657,0.406975
0.028871,0.318262,0.428571
0.0402554,0.353148,0.358684
0.0706155,0.319859,0.468722
0.0327576,0.384454,0.573943
0.0688137,0.39909,0.638558
0.108831,0.431481,0.518094
0.0466136,0.429376,0.698363
0.0344084,0.403954,0.563682
0.0927869,0.481709,0.71893
0.0433633,0.432594,0.664836
0.0484906,0.424193,0.677724
0.0364084,0.416008,0.715518
0.0456007,0.426167,0.729834
0.0314469,0.381578,0.67534
0.0446476,0.42496,0.897739
0.0330526,0.399048,0.753518
0.0558508,0.424975,0.816662
0.0447977,0.414048,0.693784
0.0569864,0.462686,0.637164
0.0504324,0.449952,0.841081
0.029565,0.475424,0.867289
0.0361015,0.435853,0.694968
0.0232865,0.480449,0.710142
0.026003,0.50416,0.896157
0.0505259,0.459564,0.809386
0.065371,0.48093,0.721368
0.0411027,0.542309,1.00075
0.0312534,0.567708,0.996539
0.0309655,0.491885,0.774795
0.0229101,0.54982,0.93426
0.0121266,0.570315,0.953102
0.00365098,0.525751,0.908826
-0.000465525,0.455876,1.00605
0.0227755,0.595885,1.13527
0.0141667,0.58961,0.918615
0.0123182,0.540559,0.900457
0.00703921,0.532327,0.899947
0.0102083,0.647206,0.947313
-0.00745913,0.607633,1.14422
0.0290362,0.613108,0.994746
0.0280579,0.630534,1.19933
0.0191171,0.709627,0.963026
0.0426335,0.664096,1.08842
0.0254082,0.650484,0.92317
0.0376895,0.694809,1.06823
0.0216519,0.739427,1.10981
0.00966096,0.605348,0.80907
0.0313797,0.632996,0.927261
0.0266771,0.732372,0.966006
0.0461453,0.689758,0.831079
0.023308,0.693086,1.01632
0.0326699,0.731896,0.899994
0.102702,0.787332,1.20926
0.0364251,0.740739,1.01087
0.0451832,0.753141,1.16821
0.0243512,0.748678,1.05251
0.0437095,0.796283,1.25385
0.0436517,0.739093,1.06015
0.0419655,0.783098,1.22082
0.0332208,0.748726,1.12657
0.0276132,0.766631,0.997149
0.0151402,0.677958,1.1222
0.014885,0.754646,1.11156
0.0225601,0.718757,1.1379
0.0100568,0.700602,1.05694
0.0212853,0.727598,1.24961
0.0422205,0.759026,1.1853
0.0638959,0.699516,1.03533
0.0394993,0.686993,1.01866
0.0137679,0.739678,1.07449
0.0493734,0.685443,0.940207
0.0241841,0.763651,1.064
-0.00518307,0.678332,0.995849
0.0322959,0.731331,1.05691
0.0608491,0.740835,0.974124
0.052561,0.730663,1.3608
0.0381786,0.692158,0.918601
0.0200939,0.727902,0.964884
0.00707243,0.710063,0.975554
0.0430143,0.74463,1.01222
0.0413892,0.6499,0.893069
0.019134,0.712378,0.859319
0.0756226,0.789029,1.03353
0.059063,0.745865,0.813634
0.0152026,0.665379,0.793085
0.0275127,0.735428,0.925565
0.0581183,0.711476,0.903044
0.011538,0.724861,0.784286
0.0410148,0.628804,0.691696
0.0442933,0.736323,0.840829
0.000740282,0.744737,0.903121
0.0108075,0.602421,0.639371
0.039562,0.683582,0.561963
0.145358,0.786739,0.784787
0.0887847,0.820085,0.691393
0.0565422,0.709576,0.689571
0.0369371,0.676513,0.73245
0.0503418,0.640365,0.658533
0.0379449,0.727566,0.561784
0.0909057,0.611428,0.723914
0.107751,0.690127,0.577713
0.0583739,0.655108,0.696812
0.0950403,0.659623,0.756528
0.0778308,0.58808,0.447958
0.0693571,0.606876,0.500617
0.021325,0.56179,0.668233
0.095638,0.599623,0.608265
0.0574613,0.562285,0.578014
0.0711771,0.5786,0.601626
0.113045,0.524817,0.479347
0.0802357,0.515523,0.440051
0.0900244,0.520086,0.481127
0.0862192,0.470875,0.488474
0.0854171,0.50048,0.46391
0.0672222,0.482512,0.555897
0.0768457,0.508747,0.394172
0.0731259,0.476277,0.41039
0.0896125,0.525005,0.493051
0.078781,0.471355,0.435112
0.0754993,0.484417,0.420421
0.0991543,0.514247,0.592269
0.0749805,0.502247,0.444949
0.063705,0.464548,0.363031
0.0912321,0.529275,0.590188
0.0792852,0.454403,0.472056
0.0823573,0.470518,0.362166
0.0536617,0.462415,0.492698
0.0807859,0.440775,0.458839
0.0531363,0.394125,0.528651
0.0509672,0.415687,0.468208
0.0699325,0.394547,0.330203
0.0486966,0.390132,0.565687
0.0485248,0.397456,0.460733
0.0752044,0.364214,0.417502
0.0572969,0.393062,0.515929
0.0220267,0.362731,0.55404
0.0704174,0.382169,0.471884
0.0441467,0.383182,0.521889
0.0606576,0.402937,0.564056
0.0247726,0.357547,0.439178
0.0502032,0.362295,0.518249
0.0376655,0.386501,0.543089
0.0622403,0.383944,0.426308
0.0459878,0.368271,0.371495
0.0324129,0.387578,0.541885
0.0421758,0.351355,0.494918
0.0332611,0.340257,0.36981
0.0343082,0.352202,0.908374
0.0350133,0.360463,0.382598
0.0466547,0.312174,0.6413
0.0365253,0.364016,0.540222
0.0482165,0.308176,0.490913
0.0285396,0.284962,0.511798
0.0579484,0.344326,0.892306
0.0291076,0.281445,0.4061
0.0326889,0.315933,0.661525
0.0236124,0.222436,0.565304
0.0277157,0.303938,0.543576
0.0282224,0.235437,0.489845
0.00166325,0.273179,1.11114
0.026624,0.272727,0.413958
0.0200199,0.286507,0.568058
0.0330294,0.323126,0.60388
0.0141398,0.369793,0.301474
0.0413606,0.329816,0.515985
0.0446697,0.39278,0.491226
0.0231712,0.344894,0.431264
0.0173274,0.329032,0.423661
-0.00578311,0.300293,0.546282
0.0396975,0.331197,0.389199
0.018699,0.27482,0.489091
0.0207712,0.32536,0.475833
0.0274572,0.186852,0.457382
0,0,0
