,R,G,B,hist,framenum,frameName
0,60.9205298013,53.0927152318,32.0794701987,0.228787878788,1.0,xmen/xmen-001.png
1,70.95,63.4535714286,43.2,0.212121212121,1.0,xmen/xmen-001.png
2,49.962962963,40.0462962963,19.9490740741,0.163636363636,1.0,xmen/xmen-001.png
3,16.4591194969,10.7610062893,5.96855345912,0.120454545455,1.0,xmen/xmen-001.png
4,35.3333333333,27.3333333333,12.4705882353,0.115909090909,1.0,xmen/xmen-001.png
5,87.8490566038,75.1886792453,55.1698113208,0.080303030303,1.0,xmen/xmen-001.png
6,95.9811320755,74.8301886792,29.9245283019,0.0401515151515,1.0,xmen/xmen-001.png
7,110.039215686,90.1764705882,66.9019607843,0.0386363636364,1.0,xmen/xmen-001.png
0,60.0814332248,52.1237785016,30.6026058632,0.232575757576,2.0,xmen/xmen-002.png
1,70.5967213115,62.8426229508,42.8,0.231060606061,2.0,xmen/xmen-002.png
2,48.1441860465,37.7674418605,18.6976744186,0.162878787879,2.0,xmen/xmen-002.png
3,33.4473684211,25.4868421053,12.5394736842,0.114393939394,2.0,xmen/xmen-002.png
4,15.0458015267,10.0,5.41984732824,0.1,2.0,xmen/xmen-002.png
5,87.8673469388,76.0510204082,55.6734693878,0.0742424242424,2.0,xmen/xmen-002.png
6,109.196721311,89.2786885246,66.7049180328,0.0462121212121,2.0,xmen/xmen-002.png
7,97.5098039216,75.5882352941,30.7843137255,0.0386363636364,2.0,xmen/xmen-002.png
0,64.5461538462,57.4,35.9038461538,0.19696969697,3.0,xmen/xmen-003.png
1,55.4635193133,47.3905579399,27.69527897,0.176515151515,3.0,xmen/xmen-003.png
2,44.181372549,34.0441176471,16.4460784314,0.154545454545,3.0,xmen/xmen-003.png
3,74.5027624309,66.9392265193,45.8563535912,0.137121212121,3.0,xmen/xmen-003.png
4,14.896969697,9.46666666667,5.10909090909,0.125,3.0,xmen/xmen-003.png
5,30.1210191083,22.5796178344,12.7388535032,0.118939393939,3.0,xmen/xmen-003.png
6,98.2253521127,85.5633802817,63.4084507042,0.0537878787879,3.0,xmen/xmen-003.png
7,97.7551020408,76.3673469388,31.2040816327,0.0371212121212,3.0,xmen/xmen-003.png
0,59.5036231884,52.9492753623,34.5797101449,0.209090909091,4.0,xmen/xmen-004.png
1,71.968503937,64.0708661417,44.5590551181,0.192424242424,4.0,xmen/xmen-004.png
2,49.4884792627,39.3548387097,19.4470046083,0.163636363636,4.0,xmen/xmen-004.png
3,35.5053763441,26.876344086,13.3494623656,0.141666666667,4.0,xmen/xmen-004.png
4,17.0573248408,10.9299363057,5.82165605096,0.118939393939,4.0,xmen/xmen-004.png
5,93.9009009009,80.8558558559,60.027027027,0.0840909090909,4.0,xmen/xmen-004.png
6,69.8378378378,54.0540540541,21.7837837838,0.0560606060606,4.0,xmen/xmen-004.png
7,96.5777777778,76.5777777778,33.4,0.0340909090909,4.0,xmen/xmen-004.png
0,59.1532846715,52.7773722628,34.5218978102,0.207575757576,5.0,xmen/xmen-005.png
1,70.1722689076,63.0840336134,43.3823529412,0.180303030303,5.0,xmen/xmen-005.png
2,48.7488789238,39.269058296,19.802690583,0.168939393939,5.0,xmen/xmen-005.png
3,35.1111111111,26.7666666667,12.9388888889,0.136363636364,5.0,xmen/xmen-005.png
4,16.7808219178,11.1712328767,5.78767123288,0.110606060606,5.0,xmen/xmen-005.png
5,90.0803571429,74.5892857143,47.1517857143,0.0848484848485,5.0,xmen/xmen-005.png
6,69.7021276596,54.4361702128,20.9680851064,0.0712121212121,5.0,xmen/xmen-005.png
7,103.377358491,87.1886792453,65.6603773585,0.0401515151515,5.0,xmen/xmen-005.png
0,60.7482993197,52.4659863946,30.9659863946,0.222727272727,6.0,xmen/xmen-006.png
1,69.0284697509,62.334519573,42.2135231317,0.212878787879,6.0,xmen/xmen-006.png
2,49.9009009009,40.2747747748,19.6081081081,0.168939393939,6.0,xmen/xmen-006.png
3,35.3956043956,26.9615384615,12.9395604396,0.137121212121,6.0,xmen/xmen-006.png
4,17.5034013605,11.4897959184,6.25850340136,0.111363636364,6.0,xmen/xmen-006.png
5,85.3018867925,72.6698113208,54.0754716981,0.080303030303,6.0,xmen/xmen-006.png
6,106.195652174,87.6739130435,66.0,0.0348484848485,6.0,xmen/xmen-006.png
7,96.0238095238,75.4047619048,30.4047619048,0.0318181818182,6.0,xmen/xmen-006.png
0,35.268,24.936,10.784,0.190151515152,7.0,xmen/xmen-007.png
1,53.3534482759,41.6724137931,21.9353448276,0.176515151515,7.0,xmen/xmen-007.png
2,16.0350877193,6.66666666667,2.04385964912,0.171212121212,7.0,xmen/xmen-007.png
3,92.0985915493,84.2441314554,63.8591549296,0.161363636364,7.0,xmen/xmen-007.png
4,73.9770114943,58.2701149425,32.8505747126,0.131818181818,7.0,xmen/xmen-007.png
5,123.373831776,104.775700935,83.5327102804,0.0810606060606,7.0,xmen/xmen-007.png
6,112.3,79.6166666667,34.2,0.0454545454545,7.0,xmen/xmen-007.png
7,195.196428571,170.107142857,116.25,0.0424242424242,7.0,xmen/xmen-007.png
0,35.3790322581,24.1290322581,9.67338709677,0.187878787879,8.0,xmen/xmen-008.png
1,51.8666666667,40.8458333333,21.7333333333,0.182575757576,8.0,xmen/xmen-008.png
2,15.4497816594,6.45851528384,2.08296943231,0.173484848485,8.0,xmen/xmen-008.png
3,92.2272727273,84.1919191919,63.7222222222,0.15,8.0,xmen/xmen-008.png
4,71.103030303,57.9939393939,34.1393939394,0.124242424242,8.0,xmen/xmen-008.png
5,122.844660194,104.485436893,83.572815534,0.0780303030303,8.0,xmen/xmen-008.png
6,105.028985507,73.8405797101,30.3768115942,0.0522727272727,8.0,xmen/xmen-008.png
7,193.117647059,168.058823529,114.852941176,0.0515151515152,8.0,xmen/xmen-008.png
0,62.8267148014,56.0866425993,34.8664259928,0.210606060606,9.0,xmen/xmen-009.png
1,72.0833333333,66.1818181818,46.6553030303,0.2,9.0,xmen/xmen-009.png
2,39.3133640553,31.1889400922,14.5760368664,0.164393939394,9.0,xmen/xmen-009.png
3,53.5520833333,44.4114583333,23.6302083333,0.144696969697,9.0,xmen/xmen-009.png
4,19.7386363636,14.4261363636,7.82954545455,0.133333333333,9.0,xmen/xmen-009.png
5,89.6626506024,78.8072289157,58.9036144578,0.0628787878788,9.0,xmen/xmen-009.png
6,96.8644067797,76.3898305085,31.4406779661,0.044696969697,9.0,xmen/xmen-009.png
7,108.019230769,91.9807692308,69.7115384615,0.0393939393939,9.0,xmen/xmen-009.png
0,73.4524590164,66.8393442623,47.2426229508,0.231060606061,10.0,xmen/xmen-010.png
1,58.464028777,53.809352518,35.1258992806,0.210606060606,10.0,xmen/xmen-010.png
2,47.6831683168,38.5099009901,18.5643564356,0.15303030303,10.0,xmen/xmen-010.png
3,33.8917197452,26.1401273885,12.4331210191,0.118939393939,10.0,xmen/xmen-010.png
4,17.8163265306,12.306122449,6.63945578231,0.111363636364,10.0,xmen/xmen-010.png
5,102.353535354,88.5050505051,66.7777777778,0.075,10.0,xmen/xmen-010.png
6,72.4367816092,57.1379310345,23.3793103448,0.0659090909091,10.0,xmen/xmen-010.png
7,100.0,79.4888888889,34.2,0.0340909090909,10.0,xmen/xmen-010.png
0,46.897338403,37.0760456274,19.7908745247,0.199242424242,11.0,xmen/xmen-011.png
1,32.5684647303,20.2946058091,6.90456431535,0.182575757576,11.0,xmen/xmen-011.png
2,13.1221719457,4.54751131222,1.89592760181,0.167424242424,11.0,xmen/xmen-011.png
3,90.3349514563,82.8883495146,62.859223301,0.156060606061,11.0,xmen/xmen-011.png
4,70.5404040404,56.7373737374,32.8080808081,0.15,11.0,xmen/xmen-011.png
5,117.300970874,100.242718447,80.7184466019,0.0780303030303,11.0,xmen/xmen-011.png
6,106.15942029,75.5507246377,33.231884058,0.0522727272727,11.0,xmen/xmen-011.png
7,194.210526316,168.263157895,114.263157895,0.0143939393939,11.0,xmen/xmen-011.png
0,34.667752443,22.7947882736,8.28664495114,0.232575757576,12.0,xmen/xmen-012.png
1,52.8914728682,41.7286821705,22.2093023256,0.195454545455,12.0,xmen/xmen-012.png
2,12.452173913,4.53913043478,1.63913043478,0.174242424242,12.0,xmen/xmen-012.png
3,92.3535353535,84.4848484848,65.1111111111,0.15,12.0,xmen/xmen-012.png
4,74.3352941176,61.6529411765,37.0823529412,0.128787878788,12.0,xmen/xmen-012.png
5,121.564102564,103.435897436,83.5256410256,0.0590909090909,12.0,xmen/xmen-012.png
6,109.844827586,78.2413793103,33.1724137931,0.0439393939394,12.0,xmen/xmen-012.png
7,192.666666667,166.857142857,111.0,0.0159090909091,12.0,xmen/xmen-012.png
0,48.7706766917,37.5902255639,19.0488721805,0.201515151515,13.0,xmen/xmen-013.png
1,31.7756653992,19.9733840304,6.50190114068,0.197727272727,13.0,xmen/xmen-013.png
2,11.8099547511,3.65158371041,1.41628959276,0.168939393939,13.0,xmen/xmen-013.png
3,89.680952381,82.619047619,62.5523809524,0.159090909091,13.0,xmen/xmen-013.png
4,69.3209876543,57.3209876543,34.4135802469,0.122727272727,13.0,xmen/xmen-013.png
5,120.06,100.87,78.88,0.0757575757576,13.0,xmen/xmen-013.png
6,102.873239437,72.5070422535,31.4507042254,0.0537878787879,13.0,xmen/xmen-013.png
7,190.851851852,165.407407407,110.333333333,0.0204545454545,13.0,xmen/xmen-013.png
0,73.3113207547,65.4150943396,45.4339622642,0.240909090909,14.0,xmen/xmen-014.png
1,60.4931034483,54.3482758621,35.6586206897,0.219696969697,14.0,xmen/xmen-014.png
2,49.7300884956,39.9955752212,19.3053097345,0.171212121212,14.0,xmen/xmen-014.png
3,35.3488372093,27.4302325581,13.3313953488,0.130303030303,14.0,xmen/xmen-014.png
4,16.4426229508,11.8360655738,6.81967213115,0.0924242424242,14.0,xmen/xmen-014.png
5,68.5161290323,53.5268817204,20.5591397849,0.0704545454545,14.0,xmen/xmen-014.png
6,104.753424658,83.6849315068,62.9589041096,0.055303030303,14.0,xmen/xmen-014.png
7,100.423076923,78.9230769231,31.1923076923,0.019696969697,14.0,xmen/xmen-014.png
0,71.1461038961,64.3863636364,44.2272727273,0.233333333333,15.0,xmen/xmen-015.png
1,58.7414965986,52.8639455782,34.2857142857,0.222727272727,15.0,xmen/xmen-015.png
2,48.3058252427,38.2330097087,17.5436893204,0.156060606061,15.0,xmen/xmen-015.png
3,33.8051948052,26.3571428571,13.2857142857,0.116666666667,15.0,xmen/xmen-015.png
4,16.9032258065,12.3306451613,6.62096774194,0.0939393939394,15.0,xmen/xmen-015.png
5,67.5050505051,53.1212121212,20.5353535354,0.075,15.0,xmen/xmen-015.png
6,93.3333333333,75.2333333333,47.1666666667,0.0681818181818,15.0,xmen/xmen-015.png
7,111.488888889,88.5111111111,66.6666666667,0.0340909090909,15.0,xmen/xmen-015.png
0,14.7137931034,6.27931034483,2.12068965517,0.219696969697,16.0,xmen/xmen-016.png
1,36.1590106007,24.2791519435,8.97173144876,0.214393939394,16.0,xmen/xmen-016.png
2,51.8947368421,41.1626794258,21.6507177033,0.158333333333,16.0,xmen/xmen-016.png
3,90.724137931,83.881773399,62.5024630542,0.153787878788,16.0,xmen/xmen-016.png
4,72.9470198675,60.4701986755,36.178807947,0.114393939394,16.0,xmen/xmen-016.png
5,119.11627907,100.895348837,81.011627907,0.0651515151515,16.0,xmen/xmen-016.png
6,108.4375,76.71875,33.296875,0.0484848484848,16.0,xmen/xmen-016.png
7,189.323529412,163.441176471,108.617647059,0.0257575757576,16.0,xmen/xmen-016.png
0,34.2842105263,22.6596491228,8.12280701754,0.215909090909,17.0,xmen/xmen-017.png
1,12.9923076923,5.02692307692,1.74615384615,0.19696969697,17.0,xmen/xmen-017.png
2,90.1152073733,83.1797235023,62.0967741935,0.164393939394,17.0,xmen/xmen-017.png
3,50.6064814815,39.4814814815,20.4861111111,0.163636363636,17.0,xmen/xmen-017.png
4,72.5864197531,59.0925925926,34.4691358025,0.122727272727,17.0,xmen/xmen-017.png
5,121.964705882,102.623529412,81.1058823529,0.0643939393939,17.0,xmen/xmen-017.png
6,110.774193548,78.5806451613,34.4032258065,0.0469696969697,17.0,xmen/xmen-017.png
7,187.636363636,161.757575758,107.848484848,0.025,17.0,xmen/xmen-017.png
0,39.3786764706,26.0992647059,10.6066176471,0.206060606061,18.0,xmen/xmen-018.png
1,21.0532786885,9.45491803279,3.34426229508,0.184848484848,18.0,xmen/xmen-018.png
2,178.161290323,143.722580645,82.335483871,0.117424242424,18.0,xmen/xmen-018.png
3,60.6688741722,46.8145695364,25.7350993377,0.114393939394,18.0,xmen/xmen-018.png
4,186.048275862,162.282758621,112.193103448,0.109848484848,18.0,xmen/xmen-018.png
5,82.9253731343,66.3358208955,39.3805970149,0.100757575758,18.0,xmen/xmen-018.png
6,100.88976378,86.6614173228,60.7795275591,0.0969696969697,18.0,xmen/xmen-018.png
7,119.663043478,107.402173913,78.3586956522,0.069696969697,18.0,xmen/xmen-018.png
0,30.1067961165,19.4239482201,7.50809061489,0.234090909091,19.0,xmen/xmen-019.png
1,47.04743083,35.7114624506,17.7628458498,0.191666666667,19.0,xmen/xmen-019.png
2,86.6476190476,79.680952381,59.2952380952,0.159090909091,19.0,xmen/xmen-019.png
3,11.6802030457,3.63959390863,1.30964467005,0.149242424242,19.0,xmen/xmen-019.png
4,68.4065934066,54.2857142857,30.6318681319,0.137878787879,19.0,xmen/xmen-019.png
5,117.175257732,99.3505154639,80.4432989691,0.0734848484848,19.0,xmen/xmen-019.png
6,104.150943396,73.1886792453,32.0188679245,0.0401515151515,19.0,xmen/xmen-019.png
7,189.157894737,162.894736842,110.421052632,0.0143939393939,19.0,xmen/xmen-019.png
0,30.7844522968,19.777385159,7.35335689046,0.214393939394,20.0,xmen/xmen-020.png
1,46.463878327,35.433460076,18.1102661597,0.199242424242,20.0,xmen/xmen-020.png
2,12.6972477064,4.70642201835,1.60550458716,0.165151515152,20.0,xmen/xmen-020.png
3,93.8156424581,84.1843575419,62.7765363128,0.135606060606,20.0,xmen/xmen-020.png
4,66.5416666667,51.3125,26.9375,0.109090909091,20.0,xmen/xmen-020.png
5,82.2357142857,68.5285714286,42.7285714286,0.106060606061,20.0,xmen/xmen-020.png
6,120.91025641,101.358974359,82.6923076923,0.0590909090909,20.0,xmen/xmen-020.png
7,195.0,169.2,119.2,0.0113636363636,20.0,xmen/xmen-020.png
0,78.4934210526,67.3651315789,44.2730263158,0.230303030303,21.0,xmen/xmen-021.png
1,68.326007326,58.5347985348,35.4688644689,0.206818181818,21.0,xmen/xmen-021.png
2,60.550660793,47.5198237885,23.3964757709,0.17196969697,21.0,xmen/xmen-021.png
3,48.3935483871,34.0903225806,16.2193548387,0.117424242424,21.0,xmen/xmen-021.png
4,30.7006802721,19.6258503401,9.29931972789,0.111363636364,21.0,xmen/xmen-021.png
5,15.0973451327,7.46902654867,4.04424778761,0.0856060606061,21.0,xmen/xmen-021.png
6,103.079365079,84.0,57.5555555556,0.0477272727273,21.0,xmen/xmen-021.png
7,101.552631579,72.2631578947,22.6842105263,0.0287878787879,21.0,xmen/xmen-021.png
0,11.3059701493,2.64925373134,1.13805970149,0.20303030303,22.0,xmen/xmen-022.png
1,21.6271929825,10.6754385965,5.85526315789,0.172727272727,22.0,xmen/xmen-022.png
2,62.4818181818,48.9454545455,18.8318181818,0.168939393939,22.0,xmen/xmen-022.png
3,50.2363636364,38.3409090909,13.9545454545,0.166666666667,22.0,xmen/xmen-022.png
4,74.4135802469,59.7839506173,25.5617283951,0.120454545455,22.0,xmen/xmen-022.png
5,36.0787401575,23.7952755906,6.73228346457,0.0962121212121,22.0,xmen/xmen-022.png
6,85.0,73.0810810811,48.3243243243,0.0560606060606,22.0,xmen/xmen-022.png
7,108.952380952,94.7619047619,58.2380952381,0.0159090909091,22.0,xmen/xmen-022.png
0,54.7379518072,42.6415662651,14.765060241,0.251515151515,23.0,xmen/xmen-023.png
1,45.0752212389,33.6460176991,10.4115044248,0.171212121212,23.0,xmen/xmen-023.png
2,19.203125,7.9375,1.578125,0.145454545455,23.0,xmen/xmen-023.png
3,67.1136363636,51.9829545455,20.2329545455,0.133333333333,23.0,xmen/xmen-023.png
4,8.17037037037,1.28888888889,0.407407407407,0.102272727273,23.0,xmen/xmen-023.png
5,31.856,18.72,5.048,0.094696969697,23.0,xmen/xmen-023.png
6,78.6796116505,63.0194174757,29.640776699,0.0780303030303,23.0,xmen/xmen-023.png
7,88.4838709677,73.6451612903,55.1290322581,0.0234848484848,23.0,xmen/xmen-023.png
0,17.7150537634,6.77956989247,3.49193548387,0.281818181818,24.0,xmen/xmen-024.png
1,32.3708333333,19.45,7.8125,0.181818181818,24.0,xmen/xmen-024.png
2,50.1169590643,36.4385964912,16.7076023392,0.129545454545,24.0,xmen/xmen-024.png
3,69.937007874,54.3149606299,27.5826771654,0.0962121212121,24.0,xmen/xmen-024.png
4,90.76,72.608,41.816,0.094696969697,24.0,xmen/xmen-024.png
5,107.512195122,94.0569105691,67.9105691057,0.0931818181818,24.0,xmen/xmen-024.png
6,122.476190476,109.476190476,81.2952380952,0.0795454545455,24.0,xmen/xmen-024.png
7,194.175438596,171.824561404,120.877192982,0.0431818181818,24.0,xmen/xmen-024.png
0,14.9656019656,4.70515970516,2.11302211302,0.307575757576,25.0,xmen/xmen-025.png
1,27.5331230284,15.4889589905,7.09463722397,0.238636363636,25.0,xmen/xmen-025.png
2,43.6206896552,31.1264367816,15.1494252874,0.134090909091,25.0,xmen/xmen-025.png
3,196.245901639,174.786885246,122.5,0.0924242424242,25.0,xmen/xmen-025.png
4,64.4903846154,49.4326923077,24.7307692308,0.0787878787879,25.0,xmen/xmen-025.png
5,112.52,99.61,75.28,0.0757575757576,25.0,xmen/xmen-025.png
6,93.1428571429,75.4155844156,44.2857142857,0.0583333333333,25.0,xmen/xmen-025.png
7,149.052631579,127.105263158,86.5789473684,0.0143939393939,25.0,xmen/xmen-025.png
0,23.1381578947,14.3223684211,3.64144736842,0.230303030303,26.0,xmen/xmen-026.png
1,32.625,21.75,6.45703125,0.193939393939,26.0,xmen/xmen-026.png
2,40.9344262295,29.1024590164,10.2745901639,0.184848484848,26.0,xmen/xmen-026.png
3,50.9333333333,38.0727272727,16.4727272727,0.125,26.0,xmen/xmen-026.png
4,13.1111111111,4.81045751634,0.816993464052,0.115909090909,26.0,xmen/xmen-026.png
5,64.3628318584,48.7787610619,22.6017699115,0.0856060606061,26.0,xmen/xmen-026.png
6,74.2272727273,58.5303030303,37.3636363636,0.05,26.0,xmen/xmen-026.png
7,104.526315789,82.8421052632,60.6842105263,0.0143939393939,26.0,xmen/xmen-026.png
0,11.074433657,2.70550161812,1.13915857605,0.234090909091,27.0,xmen/xmen-027.png
1,37.8866396761,24.1943319838,7.25101214575,0.187121212121,27.0,xmen/xmen-027.png
2,24.3666666667,12.6583333333,3.89583333333,0.181818181818,27.0,xmen/xmen-027.png
3,68.3,53.65,22.9222222222,0.136363636364,27.0,xmen/xmen-027.png
4,53.0935251799,39.2086330935,15.8057553957,0.105303030303,27.0,xmen/xmen-027.png
5,81.4017094017,65.735042735,30.8974358974,0.0886363636364,27.0,xmen/xmen-027.png
6,97.9384615385,85.2615384615,44.4615384615,0.0492424242424,27.0,xmen/xmen-027.png
7,124.347826087,102.739130435,60.4347826087,0.0174242424242,27.0,xmen/xmen-027.png
0,9.2797731569,1.62381852552,1.09640831758,0.402272727273,28.0,xmen/xmen-028.png
1,20.897810219,9.61678832117,5.48540145985,0.206060606061,28.0,xmen/xmen-028.png
2,35.9677419355,22.735483871,11.3870967742,0.117424242424,28.0,xmen/xmen-028.png
3,54.6853146853,40.8811188811,16.9160839161,0.108333333333,28.0,xmen/xmen-028.png
4,98.3066666667,83.8666666667,52.16,0.0568181818182,28.0,xmen/xmen-028.png
5,74.5,59.1081081081,28.3918918919,0.0560606060606,28.0,xmen/xmen-028.png
6,120.523809524,108.0,76.0476190476,0.0477272727273,28.0,xmen/xmen-028.png
7,180.714285714,153.857142857,101.571428571,0.00530303030303,28.0,xmen/xmen-028.png
0,14.3885017422,4.64459930314,2.20383275261,0.434848484848,29.0,xmen/xmen-029.png
1,34.3349282297,21.4019138756,10.2631578947,0.158333333333,29.0,xmen/xmen-029.png
2,55.7672955975,41.7044025157,21.1635220126,0.120454545455,29.0,xmen/xmen-029.png
3,226.203883495,213.233009709,153.213592233,0.0780303030303,29.0,xmen/xmen-029.png
4,107.141414141,90.6060606061,54.595959596,0.075,29.0,xmen/xmen-029.png
5,84.6666666667,66.4367816092,33.4827586207,0.0659090909091,29.0,xmen/xmen-029.png
6,130.650793651,113.333333333,83.380952381,0.0477272727273,29.0,xmen/xmen-029.png
7,172.807692308,145.307692308,98.1538461538,0.019696969697,29.0,xmen/xmen-029.png
0,10.2958801498,3.47191011236,1.5468164794,0.202272727273,30.0,xmen/xmen-030.png
1,23.4672489083,15.9301310044,7.50218340611,0.173484848485,30.0,xmen/xmen-030.png
2,70.3395348837,58.4,25.2418604651,0.162878787879,30.0,xmen/xmen-030.png
3,58.1941747573,46.2621359223,18.0048543689,0.156060606061,30.0,xmen/xmen-030.png
4,39.5649717514,29.9943502825,12.3502824859,0.134090909091,30.0,xmen/xmen-030.png
5,82.8536585366,69.6422764228,38.8455284553,0.0931818181818,30.0,xmen/xmen-030.png
6,90.7931034483,85.6896551724,63.6379310345,0.0439393939394,30.0,xmen/xmen-030.png
7,117.977777778,91.6222222222,45.9555555556,0.0340909090909,30.0,xmen/xmen-030.png
0,23.3804347826,15.018115942,6.51086956522,0.209090909091,31.0,xmen/xmen-031.png
1,10.4644351464,2.97489539749,1.12552301255,0.181060606061,31.0,xmen/xmen-031.png
2,72.6443298969,59.4175257732,28.8762886598,0.14696969697,31.0,xmen/xmen-031.png
3,60.2941176471,46.2834224599,15.385026738,0.141666666667,31.0,xmen/xmen-031.png
4,41.1408450704,29.7816901408,9.99295774648,0.107575757576,31.0,xmen/xmen-031.png
5,85.5338983051,74.2542372881,45.8305084746,0.0893939393939,31.0,xmen/xmen-031.png
6,46.5591397849,44.8387096774,25.3978494624,0.0704545454545,31.0,xmen/xmen-031.png
7,103.901408451,93.2112676056,64.5492957746,0.0537878787879,31.0,xmen/xmen-031.png
0,22.4963235294,13.9816176471,5.84926470588,0.206060606061,32.0,xmen/xmen-032.png
1,67.5795918367,55.506122449,24.5918367347,0.185606060606,32.0,xmen/xmen-032.png
2,10.2264150943,3.68396226415,1.57075471698,0.160606060606,32.0,xmen/xmen-032.png
3,53.5145631068,42.9077669903,16.072815534,0.155303030303,32.0,xmen/xmen-032.png
4,80.3680555556,68.2569444444,36.8611111111,0.109090909091,32.0,xmen/xmen-032.png
5,36.4696969697,28.3181818182,13.0909090909,0.100757575758,32.0,xmen/xmen-032.png
6,92.1204819277,83.7108433735,57.9036144578,0.0628787878788,32.0,xmen/xmen-032.png
7,117.153846154,100.538461538,60.2307692308,0.019696969697,32.0,xmen/xmen-032.png
0,67.2,55.3176470588,23.6901960784,0.193181818182,33.0,xmen/xmen-033.png
1,21.5454545455,13.4861660079,6.13043478261,0.191666666667,33.0,xmen/xmen-033.png
2,52.7603686636,42.202764977,16.33640553,0.164393939394,33.0,xmen/xmen-033.png
3,11.1507537688,4.06532663317,1.7135678392,0.150757575758,33.0,xmen/xmen-033.png
4,78.7533333333,68.2133333333,39.4066666667,0.113636363636,33.0,xmen/xmen-033.png
5,35.2977099237,27.9465648855,12.2061068702,0.0992424242424,33.0,xmen/xmen-033.png
6,91.9135802469,84.1358024691,59.4814814815,0.0613636363636,33.0,xmen/xmen-033.png
7,117.117647059,100.235294118,59.4117647059,0.0257575757576,33.0,xmen/xmen-033.png
0,60.8764478764,50.4247104247,25.5675675676,0.196212121212,34.0,xmen/xmen-034.png
1,80.5966386555,69.474789916,43.218487395,0.180303030303,34.0,xmen/xmen-034.png
2,41.5639810427,30.1469194313,12.2701421801,0.159848484848,34.0,xmen/xmen-034.png
3,22.4607843137,11.7941176471,3.92156862745,0.154545454545,34.0,xmen/xmen-034.png
4,94.8764705882,86.0705882353,72.0588235294,0.128787878788,34.0,xmen/xmen-034.png
5,188.636363636,164.810606061,103.0,0.1,34.0,xmen/xmen-034.png
6,110.402597403,92.3896103896,52.7272727273,0.0583333333333,34.0,xmen/xmen-034.png
7,153.931034483,129.206896552,77.2413793103,0.0219696969697,34.0,xmen/xmen-034.png
0,43.272,31.944,14.132,0.189393939394,35.0,xmen/xmen-035.png
1,64.6610878661,53.0334728033,27.3430962343,0.181060606061,35.0,xmen/xmen-035.png
2,23.0409090909,12.6909090909,4.53636363636,0.166666666667,35.0,xmen/xmen-035.png
3,94.4857142857,85.5571428571,71.3523809524,0.159090909091,35.0,xmen/xmen-035.png
4,81.0543478261,70.0054347826,43.8641304348,0.139393939394,35.0,xmen/xmen-035.png
5,188.933962264,165.245283019,104.773584906,0.080303030303,35.0,xmen/xmen-035.png
6,107.56626506,88.8554216867,50.8554216867,0.0628787878788,35.0,xmen/xmen-035.png
7,143.928571429,121.392857143,71.3214285714,0.0212121212121,35.0,xmen/xmen-035.png
0,21.0282258065,11.5927419355,4.72983870968,0.187878787879,36.0,xmen/xmen-036.png
1,97.0304347826,87.0,70.3347826087,0.174242424242,36.0,xmen/xmen-036.png
2,38.6568627451,27.3088235294,10.6176470588,0.155303030303,36.0,xmen/xmen-036.png
3,69.04,58.2628571429,32.2057142857,0.132575757576,36.0,xmen/xmen-036.png
4,54.4450867052,42.9132947977,20.5375722543,0.130303030303,36.0,xmen/xmen-036.png
5,86.4242424242,74.2909090909,47.6484848485,0.125,36.0,xmen/xmen-036.png
6,188.697674419,165.511627907,104.174418605,0.0651515151515,36.0,xmen/xmen-036.png
7,137.871794872,115.102564103,65.0769230769,0.0295454545455,36.0,xmen/xmen-036.png
0,149.85840708,125.960176991,85.1415929204,0.342424242424,37.0,xmen/xmen-037.png
1,168.147058824,147.612745098,105.720588235,0.154545454545,37.0,xmen/xmen-037.png
2,55.125748503,47.8502994012,32.9281437126,0.126515151515,37.0,xmen/xmen-037.png
3,37.0542635659,30.6821705426,18.3565891473,0.0977272727273,37.0,xmen/xmen-037.png
4,76.5,66.07,44.96,0.0757575757576,37.0,xmen/xmen-037.png
5,19.5656565657,12.4141414141,6.15151515152,0.075,37.0,xmen/xmen-037.png
6,114.295454545,107.0,90.5113636364,0.0666666666667,37.0,xmen/xmen-037.png
7,92.9135802469,84.1851851852,65.2839506173,0.0613636363636,37.0,xmen/xmen-037.png
0,146.490909091,122.861818182,82.88,0.208333333333,38.0,xmen/xmen-038.png
1,157.174129353,134.830845771,94.855721393,0.152272727273,38.0,xmen/xmen-038.png
2,170.845744681,150.659574468,108.696808511,0.142424242424,38.0,xmen/xmen-038.png
3,61.4879518072,54.0180722892,37.343373494,0.125757575758,38.0,xmen/xmen-038.png
4,42.3191489362,35.4042553191,22.5390070922,0.106818181818,38.0,xmen/xmen-038.png
5,21.0,14.4545454545,7.46280991736,0.0916666666667,38.0,xmen/xmen-038.png
6,110.415254237,102.86440678,83.4830508475,0.0893939393939,38.0,xmen/xmen-038.png
7,86.9090909091,76.4090909091,55.7636363636,0.0833333333333,38.0,xmen/xmen-038.png
0,25.8093220339,17.8728813559,10.3093220339,0.178787878788,39.0,xmen/xmen-039.png
1,57.7922077922,45.9956709957,17.8528138528,0.175757575758,39.0,xmen/xmen-039.png
2,71.6548672566,56.3451327434,22.9778761062,0.170454545455,39.0,xmen/xmen-039.png
3,13.8398058252,5.13106796116,2.22330097087,0.156060606061,39.0,xmen/xmen-039.png
4,42.9261083744,32.4334975369,12.1527093596,0.153787878788,39.0,xmen/xmen-039.png
5,86.7398373984,68.1951219512,28.7154471545,0.0931818181818,39.0,xmen/xmen-039.png
6,82.3333333333,73.884057971,48.5072463768,0.0522727272727,39.0,xmen/xmen-039.png
7,107.730769231,96.4230769231,63.4615384615,0.019696969697,39.0,xmen/xmen-039.png
0,14.1697416974,4.83763837638,1.66789667897,0.205303030303,40.0,xmen/xmen-040.png
1,72.3565891473,56.7868217054,22.8217054264,0.195454545455,40.0,xmen/xmen-040.png
2,57.8982300885,46.3849557522,18.4292035398,0.171212121212,40.0,xmen/xmen-040.png
3,24.191588785,17.1542056075,10.8364485981,0.162121212121,40.0,xmen/xmen-040.png
4,41.208,32.488,12.688,0.094696969697,40.0,xmen/xmen-040.png
5,89.3162393162,70.6239316239,30.547008547,0.0886363636364,40.0,xmen/xmen-040.png
6,78.1176470588,71.0235294118,47.2588235294,0.0643939393939,40.0,xmen/xmen-040.png
7,108.916666667,95.3333333333,59.9166666667,0.0181818181818,40.0,xmen/xmen-040.png
0,71.3291666667,55.2916666667,21.55,0.181060606061,41.0,xmen/xmen-041.png
1,24.3603603604,17.6126126126,10.8468468468,0.168181818182,41.0,xmen/xmen-041.png
2,55.8372093023,46.2697674419,19.2,0.163636363636,41.0,xmen/xmen-041.png
3,14.1739130435,5.02415458937,2.07729468599,0.156818181818,41.0,xmen/xmen-041.png
4,86.4720496894,68.1863354037,29.1366459627,0.12196969697,41.0,xmen/xmen-041.png
5,43.3333333333,32.5133333333,12.6933333333,0.113636363636,41.0,xmen/xmen-041.png
6,76.1529411765,69.7529411765,46.8823529412,0.0643939393939,41.0,xmen/xmen-041.png
7,102.45,89.825,56.425,0.030303030303,41.0,xmen/xmen-041.png
0,68.8529411765,53.7941176471,21.7757352941,0.206060606061,42.0,xmen/xmen-042.png
1,55.4292237443,44.8264840183,17.2511415525,0.165909090909,42.0,xmen/xmen-042.png
2,24.5560747664,18.5,12.1635514019,0.162121212121,42.0,xmen/xmen-042.png
3,84.4378378378,66.5243243243,28.0216216216,0.140151515152,42.0,xmen/xmen-042.png
4,42.8571428571,33.6558441558,12.1948051948,0.116666666667,42.0,xmen/xmen-042.png
5,14.4130434783,7.58695652174,4.26086956522,0.104545454545,42.0,xmen/xmen-042.png
6,74.021978022,68.2307692308,44.5824175824,0.0689393939394,42.0,xmen/xmen-042.png
7,99.914893617,87.3404255319,54.6808510638,0.0356060606061,42.0,xmen/xmen-042.png
0,69.1779661017,52.9110169492,18.7881355932,0.178787878788,43.0,xmen/xmen-043.png
1,53.9519650655,43.5021834061,17.3493449782,0.173484848485,43.0,xmen/xmen-043.png
2,24.311827957,17.9946236559,11.9677419355,0.140909090909,43.0,xmen/xmen-043.png
3,40.8695652174,31.0163043478,12.2989130435,0.139393939394,43.0,xmen/xmen-043.png
4,84.2738853503,65.7707006369,27.3821656051,0.118939393939,43.0,xmen/xmen-043.png
5,13.514084507,6.93661971831,4.64788732394,0.107575757576,43.0,xmen/xmen-043.png
6,68.8879310345,60.6465517241,37.724137931,0.0878787878788,43.0,xmen/xmen-043.png
7,93.8428571429,82.9,51.3285714286,0.0530303030303,43.0,xmen/xmen-043.png
0,70.7786561265,55.8181818182,23.5928853755,0.191666666667,44.0,xmen/xmen-044.png
1,57.512295082,45.7418032787,17.1680327869,0.184848484848,44.0,xmen/xmen-044.png
2,25.9298245614,19.0307017544,12.3552631579,0.172727272727,44.0,xmen/xmen-044.png
3,43.7005649718,35.395480226,14.9039548023,0.134090909091,44.0,xmen/xmen-044.png
4,14.7870967742,7.55483870968,4.35483870968,0.117424242424,44.0,xmen/xmen-044.png
5,87.8740740741,68.9555555556,30.4518518519,0.102272727273,44.0,xmen/xmen-044.png
6,76.2307692308,69.1153846154,47.4487179487,0.0590909090909,44.0,xmen/xmen-044.png
7,97.14,87.04,55.98,0.0378787878788,44.0,xmen/xmen-044.png
0,56.844,44.94,17.144,0.189393939394,45.0,xmen/xmen-045.png
1,69.8230452675,54.8312757202,21.9588477366,0.184090909091,45.0,xmen/xmen-045.png
2,24.4509803922,17.9950980392,10.9803921569,0.154545454545,45.0,xmen/xmen-045.png
3,42.3586956522,33.3097826087,12.8586956522,0.139393939394,45.0,xmen/xmen-045.png
4,13.2469879518,6.64457831325,3.93975903614,0.125757575758,45.0,xmen/xmen-045.png
5,85.8803418803,67.452991453,28.5042735043,0.0886363636364,45.0,xmen/xmen-045.png
6,72.3186813187,65.7032967033,43.3846153846,0.0689393939394,45.0,xmen/xmen-045.png
7,95.4769230769,84.1384615385,53.0923076923,0.0492424242424,45.0,xmen/xmen-045.png
0,69.1779661017,53.3474576271,19.8601694915,0.178787878788,46.0,xmen/xmen-046.png
1,55.1288888889,44.8133333333,18.3111111111,0.170454545455,46.0,xmen/xmen-046.png
2,26.5740740741,19.8657407407,11.7268518519,0.163636363636,46.0,xmen/xmen-046.png
3,42.8448275862,33.0517241379,13.1264367816,0.131818181818,46.0,xmen/xmen-046.png
4,15.1812865497,7.13450292398,3.76023391813,0.129545454545,46.0,xmen/xmen-046.png
5,83.798245614,66.0789473684,29.3684210526,0.0863636363636,46.0,xmen/xmen-046.png
6,68.3119266055,60.4678899083,39.2752293578,0.0825757575758,46.0,xmen/xmen-046.png
7,95.6666666667,84.1866666667,52.9866666667,0.0568181818182,46.0,xmen/xmen-046.png
0,65.4947368421,50.1473684211,21.6315789474,0.215909090909,47.0,xmen/xmen-047.png
1,73.0074074074,57.0814814815,26.6259259259,0.206060606061,47.0,xmen/xmen-047.png
2,58.0,42.864978903,16.1983122363,0.179545454545,47.0,xmen/xmen-047.png
3,81.8842105263,64.7947368421,33.3789473684,0.142424242424,47.0,xmen/xmen-047.png
4,49.1049723757,34.4364640884,9.78453038674,0.137121212121,47.0,xmen/xmen-047.png
5,35.5789473684,22.3684210526,5.52631578947,0.0719696969697,47.0,xmen/xmen-047.png
6,99.2571428571,77.2571428571,60.8285714286,0.0265151515152,47.0,xmen/xmen-047.png
7,18.1111111111,7.88888888889,1.59259259259,0.0204545454545,47.0,xmen/xmen-047.png
0,68.4607843137,52.5359477124,23.7679738562,0.231818181818,48.0,xmen/xmen-048.png
1,76.9252669039,60.3380782918,29.3451957295,0.212878787879,48.0,xmen/xmen-048.png
2,60.6476868327,44.8291814947,17.7081850534,0.212878787879,48.0,xmen/xmen-048.png
3,51.269035533,36.4263959391,10.9796954315,0.149242424242,48.0,xmen/xmen-048.png
4,86.6216216216,68.7207207207,37.3693693694,0.0840909090909,48.0,xmen/xmen-048.png
5,38.0,24.7857142857,6.36904761905,0.0636363636364,48.0,xmen/xmen-048.png
6,100.555555556,77.5833333333,62.6666666667,0.0272727272727,48.0,xmen/xmen-048.png
7,18.4166666667,7.54166666667,1.375,0.0181818181818,48.0,xmen/xmen-048.png
0,10.4972067039,1.14711359404,0.104283054004,0.406818181818,49.0,xmen/xmen-049.png
1,18.6218487395,4.94117647059,1.26050420168,0.180303030303,49.0,xmen/xmen-049.png
2,28.0869565217,11.25,2.91847826087,0.139393939394,49.0,xmen/xmen-049.png
3,40.4881889764,20.6299212598,6.75590551181,0.0962121212121,49.0,xmen/xmen-049.png
4,51.3185840708,29.6460176991,13.6725663717,0.0856060606061,49.0,xmen/xmen-049.png
5,65.4320987654,41.5308641975,21.3580246914,0.0613636363636,49.0,xmen/xmen-049.png
6,87.696969697,59.9393939394,31.9696969697,0.025,49.0,xmen/xmen-049.png
7,120.285714286,86.8571428571,56.7142857143,0.00530303030303,49.0,xmen/xmen-049.png
0,31.8770685579,8.73758865248,2.12293144208,0.320454545455,50.0,xmen/xmen-050.png
1,19.0729166667,2.35416666667,0.463541666667,0.145454545455,50.0,xmen/xmen-050.png
2,41.7150837989,15.5642458101,3.13407821229,0.135606060606,50.0,xmen/xmen-050.png
3,70.7957746479,38.2253521127,11.9507042254,0.107575757576,50.0,xmen/xmen-050.png
4,55.9734513274,26.796460177,7.7610619469,0.0856060606061,50.0,xmen/xmen-050.png
5,86.0,49.8090909091,17.2272727273,0.0833333333333,50.0,xmen/xmen-050.png
6,98.8863636364,61.1704545455,28.0454545455,0.0666666666667,50.0,xmen/xmen-050.png
7,114.602739726,71.3835616438,35.7260273973,0.055303030303,50.0,xmen/xmen-050.png
0,77.1464285714,68.8892857143,35.2464285714,0.212878787879,51.0,xmen/xmen-051.png
1,25.7745901639,19.3237704918,9.48770491803,0.184848484848,51.0,xmen/xmen-051.png
2,88.7178423237,78.8381742739,43.1825726141,0.183333333333,51.0,xmen/xmen-051.png
3,9.60804020101,3.67336683417,2.00502512563,0.150757575758,51.0,xmen/xmen-051.png
4,42.3333333333,31.2517006803,15.8367346939,0.111363636364,51.0,xmen/xmen-051.png
5,65.8308823529,51.5294117647,20.0514705882,0.101515151515,51.0,xmen/xmen-051.png
6,93.7297297297,66.7027027027,14.3513513514,0.0280303030303,51.0,xmen/xmen-051.png
7,134.611111111,101.277777778,30.75,0.0272727272727,51.0,xmen/xmen-051.png
0,81.9270516717,73.3890577508,38.2583586626,0.249242424242,52.0,xmen/xmen-052.png
1,26.3769230769,19.6846153846,9.46923076923,0.19696969697,52.0,xmen/xmen-052.png
2,9.51546391753,3.91237113402,2.0618556701,0.14696969697,52.0,xmen/xmen-052.png
3,46.3313953488,34.7965116279,15.7965116279,0.130303030303,52.0,xmen/xmen-052.png
4,69.0,59.79375,30.05,0.121212121212,52.0,xmen/xmen-052.png
5,96.3727272727,84.0909090909,46.2818181818,0.0833333333333,52.0,xmen/xmen-052.png
6,81.4714285714,58.2571428571,11.1857142857,0.0530303030303,52.0,xmen/xmen-052.png
7,143.76,108.16,32.24,0.0189393939394,52.0,xmen/xmen-052.png
0,35.8628158845,26.6498194946,7.65342960289,0.209848484848,53.0,xmen/xmen-053.png
1,52.1660516605,43.0848708487,18.5018450185,0.205303030303,53.0,xmen/xmen-053.png
2,87.043902439,77.8780487805,52.3707317073,0.155303030303,53.0,xmen/xmen-053.png
3,17.8360655738,7.96174863388,1.71038251366,0.138636363636,53.0,xmen/xmen-053.png
4,66.9932885906,60.5033557047,35.5771812081,0.112878787879,53.0,xmen/xmen-053.png
5,104.584,92.4,60.328,0.094696969697,53.0,xmen/xmen-053.png
6,82.5865384615,60.75,20.6634615385,0.0787878787879,53.0,xmen/xmen-053.png
7,165.0,141.0,86.1666666667,0.00454545454545,53.0,xmen/xmen-053.png
0,77.1433224756,69.4006514658,36.3648208469,0.233333333333,54.0,xmen/xmen-054.png
1,89.9308943089,80.6097560976,44.7276422764,0.185606060606,54.0,xmen/xmen-054.png
2,23.5211864407,17.2457627119,8.72033898305,0.178787878788,54.0,xmen/xmen-054.png
3,8.05847953216,2.72514619883,1.49122807018,0.129545454545,54.0,xmen/xmen-054.png
4,38.9113924051,29.4810126582,15.417721519,0.119696969697,54.0,xmen/xmen-054.png
5,60.1271186441,48.1016949153,23.5593220339,0.0893939393939,54.0,xmen/xmen-054.png
6,83.1296296296,58.8703703704,10.962962963,0.0409090909091,54.0,xmen/xmen-054.png
7,135.933333333,99.3666666667,30.1,0.0227272727273,54.0,xmen/xmen-054.png
0,7.19932432432,5.50675675676,11.7314189189,0.448484848485,55.0,xmen/xmen-055.png
1,11.5044247788,13.784660767,28.2064896755,0.256818181818,55.0,xmen/xmen-055.png
2,17.8658536585,26.1463414634,49.9024390244,0.124242424242,55.0,xmen/xmen-055.png
3,28.4175824176,44.3626373626,79.4615384615,0.0689393939394,55.0,xmen/xmen-055.png
4,41.1216216216,67.0540540541,105.837837838,0.0560606060606,55.0,xmen/xmen-055.png
5,54.0,90.2903225806,131.129032258,0.0234848484848,55.0,xmen/xmen-055.png
6,74.2692307692,126.576923077,167.653846154,0.019696969697,55.0,xmen/xmen-055.png
7,171.666666667,231.333333333,249.0,0.00227272727273,55.0,xmen/xmen-055.png
0,15.6657303371,6.36797752809,3.01404494382,0.269696969697,56.0,xmen/xmen-056.png
1,47.3588850174,32.3170731707,15.93728223,0.219696969697,56.0,xmen/xmen-056.png
2,30.55,18.25,7.9375,0.179545454545,56.0,xmen/xmen-056.png
3,62.811827957,47.2311827957,23.4731182796,0.140909090909,56.0,xmen/xmen-056.png
4,82.2479338843,65.1900826446,35.5867768595,0.0916666666667,56.0,xmen/xmen-056.png
5,105.118421053,86.3157894737,52.1710526316,0.0575757575758,56.0,xmen/xmen-056.png
6,139.476190476,116.666666667,74.4285714286,0.0318181818182,56.0,xmen/xmen-056.png
7,180.083333333,163.916666667,115.5,0.00909090909091,56.0,xmen/xmen-056.png
0,81.6631578947,74.0561403509,39.4210526316,0.215909090909,57.0,xmen/xmen-057.png
1,92.8304347826,83.4,46.8260869565,0.174242424242,57.0,xmen/xmen-057.png
2,28.3422222222,21.0577777778,10.8266666667,0.170454545455,57.0,xmen/xmen-057.png
3,47.3977900552,36.3756906077,19.7237569061,0.137121212121,57.0,xmen/xmen-057.png
4,11.1516853933,4.5393258427,2.43820224719,0.134848484848,57.0,xmen/xmen-057.png
5,68.992481203,59.9323308271,31.6466165414,0.100757575758,57.0,xmen/xmen-057.png
6,78.5633802817,57.0563380282,12.9014084507,0.0537878787879,57.0,xmen/xmen-057.png
7,134.235294118,99.6470588235,28.0588235294,0.0128787878788,57.0,xmen/xmen-057.png
0,81.4561933535,73.5105740181,38.7643504532,0.250757575758,58.0,xmen/xmen-058.png
1,28.4831932773,21.2478991597,10.7941176471,0.180303030303,58.0,xmen/xmen-058.png
2,92.3146551724,83.4525862069,46.9827586207,0.175757575758,58.0,xmen/xmen-058.png
3,11.4252873563,5.20689655172,2.67816091954,0.131818181818,58.0,xmen/xmen-058.png
4,46.05,35.2357142857,19.1142857143,0.106060606061,58.0,xmen/xmen-058.png
5,67.5447154472,58.7804878049,30.1138211382,0.0931818181818,58.0,xmen/xmen-058.png
6,75.0,54.3174603175,11.0158730159,0.0477272727273,58.0,xmen/xmen-058.png
7,127.315789474,97.0526315789,39.9473684211,0.0143939393939,58.0,xmen/xmen-058.png
0,82.5471014493,73.9963768116,40.3876811594,0.209090909091,59.0,xmen/xmen-059.png
1,29.2016806723,21.2605042017,10.7478991597,0.180303030303,59.0,xmen/xmen-059.png
2,93.0179372197,83.7668161435,48.5156950673,0.168939393939,59.0,xmen/xmen-059.png
3,9.85567010309,3.80927835052,2.0618556701,0.14696969697,59.0,xmen/xmen-059.png
4,69.1772151899,59.9873417722,31.082278481,0.119696969697,59.0,xmen/xmen-059.png
5,48.6575342466,36.8767123288,19.4726027397,0.110606060606,59.0,xmen/xmen-059.png
6,79.4745762712,56.9661016949,12.8983050847,0.044696969697,59.0,xmen/xmen-059.png
7,128.384615385,97.8076923077,35.5769230769,0.019696969697,59.0,xmen/xmen-059.png
0,81.8585858586,74.3602693603,39.6262626263,0.225,60.0,xmen/xmen-060.png
1,30.5714285714,21.6722689076,10.5336134454,0.180303030303,60.0,xmen/xmen-060.png
2,92.9272727273,84.0909090909,48.1818181818,0.166666666667,60.0,xmen/xmen-060.png
3,11.289017341,4.27167630058,2.49710982659,0.131060606061,60.0,xmen/xmen-060.png
4,67.5320512821,57.4038461538,29.9615384615,0.118181818182,60.0,xmen/xmen-060.png
5,49.8967741935,36.264516129,19.2580645161,0.117424242424,60.0,xmen/xmen-060.png
6,77.8333333333,55.9,12.7833333333,0.0454545454545,60.0,xmen/xmen-060.png
7,119.142857143,91.2857142857,29.3333333333,0.0159090909091,60.0,xmen/xmen-060.png
0,38.2394366197,28.8556338028,7.89084507042,0.215151515152,61.0,xmen/xmen-061.png
1,26.004,15.324,3.436,0.189393939394,61.0,xmen/xmen-061.png
2,53.6952380952,41.1571428571,14.0619047619,0.159090909091,61.0,xmen/xmen-061.png
3,9.875,2.32142857143,1.29166666667,0.127272727273,61.0,xmen/xmen-061.png
4,68.5244755245,55.034965035,24.6433566434,0.108333333333,61.0,xmen/xmen-061.png
5,99.2421875,89.0625,59.65625,0.0969696969697,61.0,xmen/xmen-061.png
6,88.8099173554,73.2148760331,39.5454545455,0.0916666666667,61.0,xmen/xmen-061.png
7,143.4375,115.0625,48.5,0.0121212121212,61.0,xmen/xmen-061.png
0,45.7285714286,35.2357142857,9.90357142857,0.212121212121,62.0,xmen/xmen-062.png
1,60.1722846442,45.936329588,14.6479400749,0.201515151515,62.0,xmen/xmen-062.png
2,32.3888888889,23.4404761905,4.75793650794,0.191666666667,62.0,xmen/xmen-062.png
3,16.4787234043,8.8670212766,1.53191489362,0.142424242424,62.0,xmen/xmen-062.png
4,92.0480769231,81.5576923077,51.3076923077,0.0787878787879,62.0,xmen/xmen-062.png
5,71.6391752577,60.3298969072,32.9587628866,0.0734848484848,62.0,xmen/xmen-062.png
6,112.137931034,97.275862069,60.3218390805,0.0659090909091,62.0,xmen/xmen-062.png
7,93.9555555556,70.0,21.5333333333,0.0340909090909,62.0,xmen/xmen-062.png
0,30.4050179211,22.2437275986,8.20071684588,0.211363636364,63.0,xmen/xmen-063.png
1,13.4143426295,4.72509960159,1.25099601594,0.190151515152,63.0,xmen/xmen-063.png
2,46.268722467,36.9691629956,16.8281938326,0.17196969697,63.0,xmen/xmen-063.png
3,64.1157894737,52.5157894737,26.7684210526,0.143939393939,63.0,xmen/xmen-063.png
4,75.9102564103,69.8269230769,46.8525641026,0.118181818182,63.0,xmen/xmen-063.png
5,86.5494505495,63.6153846154,23.3956043956,0.0689393939394,63.0,xmen/xmen-063.png
6,105.2,82.7875,40.6625,0.0606060606061,63.0,xmen/xmen-063.png
7,143.369565217,113.673913043,63.2173913043,0.0348484848485,63.0,xmen/xmen-063.png
0,31.0425531915,22.9468085106,8.87234042553,0.213636363636,64.0,xmen/xmen-064.png
1,44.6392156863,36.6274509804,17.6705882353,0.193181818182,64.0,xmen/xmen-064.png
2,13.5825688073,5.28440366972,1.17431192661,0.165151515152,64.0,xmen/xmen-064.png
3,59.8580246914,52.6049382716,30.5555555556,0.122727272727,64.0,xmen/xmen-064.png
4,77.2165605096,69.974522293,45.5286624204,0.118939393939,64.0,xmen/xmen-064.png
5,76.2268907563,52.1848739496,17.1764705882,0.0901515151515,64.0,xmen/xmen-064.png
6,101.382716049,76.4444444444,34.4444444444,0.0613636363636,64.0,xmen/xmen-064.png
7,136.934782609,108.782608696,60.3913043478,0.0348484848485,64.0,xmen/xmen-064.png
0,32.2125,23.8625,9.475,0.242424242424,65.0,xmen/xmen-065.png
1,45.8791208791,37.1355311355,18.2124542125,0.206818181818,65.0,xmen/xmen-065.png
2,14.9734042553,6.03191489362,1.32446808511,0.142424242424,65.0,xmen/xmen-065.png
3,60.9324324324,52.9121621622,31.4459459459,0.112121212121,65.0,xmen/xmen-065.png
4,76.074829932,67.9047619048,44.0272108844,0.111363636364,65.0,xmen/xmen-065.png
5,73.814516129,49.5725806452,15.8064516129,0.0939393939394,65.0,xmen/xmen-065.png
6,98.5862068966,72.4597701149,31.8505747126,0.0659090909091,65.0,xmen/xmen-065.png
7,133.333333333,108.303030303,61.7878787879,0.025,65.0,xmen/xmen-065.png
0,69.9760956175,62.8366533865,35.593625498,0.190151515152,66.0,xmen/xmen-066.png
1,31.3405172414,23.0775862069,9.16379310345,0.175757575758,66.0,xmen/xmen-066.png
2,60.7956521739,49.5652173913,22.8173913043,0.174242424242,66.0,xmen/xmen-066.png
3,48.8636363636,36.1909090909,13.2681818182,0.166666666667,66.0,xmen/xmen-066.png
4,18.5625,8.59027777778,2.875,0.109090909091,66.0,xmen/xmen-066.png
5,87.5486725664,79.3716814159,46.5840707965,0.0856060606061,66.0,xmen/xmen-066.png
6,75.4444444444,53.5648148148,7.75925925926,0.0818181818182,66.0,xmen/xmen-066.png
7,135.909090909,112.181818182,51.3636363636,0.0166666666667,66.0,xmen/xmen-066.png
0,71.2283464567,63.1535433071,34.6417322835,0.192424242424,67.0,xmen/xmen-067.png
1,61.8917748918,48.974025974,21.316017316,0.175,67.0,xmen/xmen-067.png
2,50.4628820961,36.3362445415,13.8427947598,0.173484848485,67.0,xmen/xmen-067.png
3,35.2123893805,24.3495575221,9.00442477876,0.171212121212,67.0,xmen/xmen-067.png
4,86.5971223022,77.8561151079,44.6978417266,0.105303030303,67.0,xmen/xmen-067.png
5,20.2635658915,8.12403100775,1.87596899225,0.0977272727273,67.0,xmen/xmen-067.png
6,80.25,56.3586956522,7.57608695652,0.069696969697,67.0,xmen/xmen-067.png
7,127.25,108.05,68.0,0.0151515151515,67.0,xmen/xmen-067.png
0,124.448780488,103.23902439,74.1512195122,0.155303030303,68.0,xmen/xmen-068.png
1,107.924731183,91.9462365591,69.1182795699,0.140909090909,68.0,xmen/xmen-068.png
2,52.1270718232,48.2928176796,40.138121547,0.137121212121,68.0,xmen/xmen-068.png
3,91.5432098765,79.475308642,59.3209876543,0.122727272727,68.0,xmen/xmen-068.png
4,35.2565789474,34.6118421053,31.6578947368,0.115151515152,68.0,xmen/xmen-068.png
5,72.0794701987,63.4370860927,47.582781457,0.114393939394,68.0,xmen/xmen-068.png
6,20.524137931,20.7724137931,19.0275862069,0.109848484848,68.0,xmen/xmen-068.png
7,11.1231884058,5.07246376812,5.97826086957,0.104545454545,68.0,xmen/xmen-068.png
0,42.9109947644,30.8089005236,9.21989528796,0.289393939394,69.0,xmen/xmen-069.png
1,58.2841823056,44.3753351206,16.327077748,0.282575757576,69.0,xmen/xmen-069.png
2,72.137755102,61.2295918367,33.0459183673,0.148484848485,69.0,xmen/xmen-069.png
3,24.2527472527,11.4835164835,2.74175824176,0.137878787879,69.0,xmen/xmen-069.png
4,89.3655913978,79.6021505376,47.3010752688,0.0704545454545,69.0,xmen/xmen-069.png
5,93.0638297872,65.7659574468,7.95744680851,0.0356060606061,69.0,xmen/xmen-069.png
6,218.166666667,191.625,117.708333333,0.0181818181818,69.0,xmen/xmen-069.png
7,186.347826087,149.043478261,70.7826086957,0.0174242424242,69.0,xmen/xmen-069.png
0,32.0313479624,19.7680250784,8.08150470219,0.241666666667,70.0,xmen/xmen-070.png
1,14.3540856031,5.63813229572,2.02723735409,0.194696969697,70.0,xmen/xmen-070.png
2,51.5862068966,35.7586206897,19.4384236453,0.153787878788,70.0,xmen/xmen-070.png
3,131.907284768,95.642384106,58.238410596,0.114393939394,70.0,xmen/xmen-070.png
4,75.0264900662,51.9072847682,29.3046357616,0.114393939394,70.0,xmen/xmen-070.png
5,101.544,72.408,44.76,0.094696969697,70.0,xmen/xmen-070.png
6,154.301075269,115.021505376,73.9032258065,0.0704545454545,70.0,xmen/xmen-070.png
7,182.095238095,143.761904762,99.5714285714,0.0159090909091,70.0,xmen/xmen-070.png
0,36.4046610169,27.6483050847,12.5063559322,0.357575757576,71.0,xmen/xmen-071.png
1,47.8327868852,37.7770491803,19.4131147541,0.231060606061,71.0,xmen/xmen-071.png
2,61.1891891892,48.3621621622,27.5459459459,0.140151515152,71.0,xmen/xmen-071.png
3,27.4709677419,16.5677419355,6.21935483871,0.117424242424,71.0,xmen/xmen-071.png
4,116.343283582,87.4776119403,47.6417910448,0.0507575757576,71.0,xmen/xmen-071.png
5,91.6833333333,68.4333333333,32.2333333333,0.0454545454545,71.0,xmen/xmen-071.png
6,149.854545455,109.963636364,52.9818181818,0.0416666666667,71.0,xmen/xmen-071.png
7,165.571428571,135.523809524,88.7619047619,0.0159090909091,71.0,xmen/xmen-071.png
0,39.3774647887,27.5943661972,11.3718309859,0.272727272727,72.0,xmen/xmen-072.png
1,50.1757188498,36.3450479233,17.0415335463,0.233333333333,72.0,xmen/xmen-072.png
2,27.781420765,15.6229508197,4.96174863388,0.138636363636,72.0,xmen/xmen-072.png
3,65.2983870968,46.4838709677,25.9516129032,0.0939393939394,72.0,xmen/xmen-072.png
4,117.913793103,86.8706896552,45.9137931034,0.0878787878788,72.0,xmen/xmen-072.png
5,89.2710280374,66.5140186916,36.3364485981,0.0810606060606,72.0,xmen/xmen-072.png
6,145.731707317,110.134146341,61.743902439,0.0621212121212,72.0,xmen/xmen-072.png
7,172.25,133.525,78.375,0.030303030303,72.0,xmen/xmen-072.png
0,7.25475285171,3.5855513308,6.78707224335,0.193939393939,73.0,xmen/xmen-073.png
1,20.6381909548,26.0301507538,39.7587939698,0.150757575758,73.0,xmen/xmen-073.png
2,14.6983240223,12.9608938547,19.2122905028,0.140909090909,73.0,xmen/xmen-073.png
3,23.679558011,38.7071823204,60.2983425414,0.137121212121,73.0,xmen/xmen-073.png
4,36.2085889571,54.5705521472,73.5705521472,0.123484848485,73.0,xmen/xmen-073.png
5,50.0142857143,71.8928571429,88.5428571429,0.106060606061,73.0,xmen/xmen-073.png
6,60.1029411765,88.625,107.845588235,0.10303030303,73.0,xmen/xmen-073.png
7,31.593220339,65.8305084746,105.152542373,0.044696969697,73.0,xmen/xmen-073.png
0,31.1017369727,18.9652605459,5.84863523573,0.305303030303,74.0,xmen/xmen-074.png
1,45.6283783784,31.8817567568,14.625,0.224242424242,74.0,xmen/xmen-074.png
2,65.9156626506,46.8554216867,24.9457831325,0.125757575758,74.0,xmen/xmen-074.png
3,112.715517241,84.1379310345,47.6465517241,0.0878787878788,74.0,xmen/xmen-074.png
4,87.8782608696,65.3826086957,38.0086956522,0.0871212121212,74.0,xmen/xmen-074.png
5,135.225225225,101.657657658,59.0720720721,0.0840909090909,74.0,xmen/xmen-074.png
6,157.662162162,124.702702703,80.1891891892,0.0560606060606,74.0,xmen/xmen-074.png
7,194.717948718,159.974358974,112.487179487,0.0295454545455,74.0,xmen/xmen-074.png
0,47.9808917197,35.9808917197,20.5700636943,0.238636363636,75.0,xmen/xmen-075.png
1,65.9635761589,51.238410596,31.6258278146,0.22803030303,75.0,xmen/xmen-075.png
2,34.09375,21.1116071429,8.86160714286,0.168939393939,75.0,xmen/xmen-075.png
3,16.798816568,5.13609467456,1.12426035503,0.128787878788,75.0,xmen/xmen-075.png
4,85.6202531646,64.3987341772,39.4050632911,0.119696969697,75.0,xmen/xmen-075.png
5,117.14084507,89.5070422535,54.4366197183,0.0537878787879,75.0,xmen/xmen-075.png
6,148.543859649,116.543859649,71.7719298246,0.0431818181818,75.0,xmen/xmen-075.png
7,174.12,143.04,97.32,0.0189393939394,75.0,xmen/xmen-075.png
0,49.138047138,36.4141414141,20.6767676768,0.22196969697,76.0,xmen/xmen-076.png
1,35.9461538462,24.2807692308,11.9115384615,0.2,76.0,xmen/xmen-076.png
2,65.9694656489,50.5610687023,30.1717557252,0.199242424242,76.0,xmen/xmen-076.png
3,18.1203703704,6.5462962963,1.73611111111,0.163636363636,76.0,xmen/xmen-076.png
4,85.0873015873,63.4841269841,37.0793650794,0.094696969697,76.0,xmen/xmen-076.png
5,144.347826087,113.304347826,71.0579710145,0.0522727272727,76.0,xmen/xmen-076.png
6,109.316666667,83.25,50.3166666667,0.0454545454545,76.0,xmen/xmen-076.png
7,174.0,141.733333333,95.6666666667,0.0227272727273,76.0,xmen/xmen-076.png
0,48.9659090909,35.9848484848,20.8522727273,0.2,77.0,xmen/xmen-077.png
1,61.2286821705,47.1899224806,29.5852713178,0.195454545455,77.0,xmen/xmen-077.png
2,75.577092511,57.127753304,34.8502202643,0.17196969697,77.0,xmen/xmen-077.png
3,34.8773584906,22.8679245283,11.641509434,0.160606060606,77.0,xmen/xmen-077.png
4,18.3913043478,6.40217391304,1.85326086957,0.139393939394,77.0,xmen/xmen-077.png
5,94.6886792453,71.320754717,43.8396226415,0.080303030303,77.0,xmen/xmen-077.png
6,116.441860465,88.3255813953,54.7209302326,0.0325757575758,77.0,xmen/xmen-077.png
7,148.961538462,116.846153846,76.9615384615,0.019696969697,77.0,xmen/xmen-077.png
0,62.3383458647,49.9285714286,32.9473684211,0.201515151515,78.0,xmen/xmen-078.png
1,51.0901287554,38.8583690987,23.3862660944,0.176515151515,78.0,xmen/xmen-078.png
2,77.3349282297,59.3684210526,37.0717703349,0.158333333333,78.0,xmen/xmen-078.png
3,20.027173913,8.10326086957,2.69565217391,0.139393939394,78.0,xmen/xmen-078.png
4,38.5419354839,24.8129032258,11.8516129032,0.117424242424,78.0,xmen/xmen-078.png
5,94.6323529412,70.3970588235,42.7720588235,0.10303030303,78.0,xmen/xmen-078.png
6,114.388888889,87.1944444444,53.5694444444,0.0545454545455,78.0,xmen/xmen-078.png
7,73.4,49.2769230769,19.3846153846,0.0492424242424,78.0,xmen/xmen-078.png
0,74.1979166667,57.7048611111,36.8402777778,0.218181818182,79.0,xmen/xmen-079.png
1,63.1174089069,48.955465587,31.04048583,0.187878787879,79.0,xmen/xmen-079.png
2,52.4660633484,38.4298642534,22.2036199095,0.166666666667,79.0,xmen/xmen-079.png
3,38.5567010309,25.324742268,12.5309278351,0.14696969697,79.0,xmen/xmen-079.png
4,19.7677419355,6.35483870968,1.58709677419,0.117424242424,79.0,xmen/xmen-079.png
5,87.7299270073,65.1751824818,39.1751824818,0.103787878788,79.0,xmen/xmen-079.png
6,105.089285714,79.6607142857,47.9285714286,0.0424242424242,79.0,xmen/xmen-079.png
7,134.0,102.772727273,65.6363636364,0.0166666666667,79.0,xmen/xmen-079.png
0,24.2664670659,12.0239520958,7.26347305389,0.25303030303,80.0,xmen/xmen-080.png
1,37.0714285714,26.9603174603,15.6428571429,0.190909090909,80.0,xmen/xmen-080.png
2,52.4854771784,40.622406639,24.6639004149,0.182575757576,80.0,xmen/xmen-080.png
3,72.0813953488,57.5465116279,35.7965116279,0.130303030303,80.0,xmen/xmen-080.png
4,97.7413793103,76.8793103448,46.5431034483,0.0878787878788,80.0,xmen/xmen-080.png
5,164.52173913,129.423913043,82.4456521739,0.069696969697,80.0,xmen/xmen-080.png
6,194.279411765,162.397058824,112.102941176,0.0515151515152,80.0,xmen/xmen-080.png
7,131.977777778,103.6,65.5111111111,0.0340909090909,80.0,xmen/xmen-080.png
0,54.0,43.4697508897,27.975088968,0.215909090909,81.0,xmen/xmen-081.png
1,39.2261484099,29.1201413428,16.9187279152,0.212878787879,81.0,xmen/xmen-081.png
2,24.3024193548,13.5161290323,7.40322580645,0.186363636364,81.0,xmen/xmen-081.png
3,79.1886792453,62.6981132075,38.6226415094,0.120454545455,81.0,xmen/xmen-081.png
4,171.009090909,136.427272727,88.8090909091,0.0833333333333,81.0,xmen/xmen-081.png
5,106.235294118,83.2235294118,50.9176470588,0.0643939393939,81.0,xmen/xmen-081.png
6,197.525,164.4625,114.95,0.0606060606061,81.0,xmen/xmen-081.png
7,142.905405405,110.702702703,69.2702702703,0.0560606060606,81.0,xmen/xmen-081.png
0,7.14180929095,4.40831295844,5.04400977995,0.309848484848,82.0,xmen/xmen-082.png
1,20.8983957219,28.8342245989,22.0427807487,0.141666666667,82.0,xmen/xmen-082.png
2,73.4057142857,104.771428571,75.7085714286,0.132575757576,82.0,xmen/xmen-082.png
3,37.6488095238,55.4166666667,40.2321428571,0.127272727273,82.0,xmen/xmen-082.png
4,54.7073170732,80.2134146341,57.6829268293,0.124242424242,82.0,xmen/xmen-082.png
5,92.20625,128.275,95.76875,0.121212121212,82.0,xmen/xmen-082.png
6,135.228571429,147.028571429,125.371428571,0.0265151515152,82.0,xmen/xmen-082.png
7,172.454545455,187.318181818,160.090909091,0.0166666666667,82.0,xmen/xmen-082.png
0,11.6493506494,9.83441558442,6.49025974026,0.233333333333,83.0,xmen/xmen-083.png
1,72.9176954733,112.572016461,75.4609053498,0.184090909091,83.0,xmen/xmen-083.png
2,60.0621118012,94.8819875776,60.6770186335,0.12196969697,83.0,xmen/xmen-083.png
3,18.6178343949,28.5286624204,15.6050955414,0.118939393939,83.0,xmen/xmen-083.png
4,85.6824324324,122.033783784,91.2635135135,0.112121212121,83.0,xmen/xmen-083.png
5,30.4809160305,48.4045801527,28.9160305344,0.0992424242424,83.0,xmen/xmen-083.png
6,44.2966101695,67.8474576271,41.7033898305,0.0893939393939,83.0,xmen/xmen-083.png
7,126.851851852,133.703703704,114.796296296,0.0409090909091,83.0,xmen/xmen-083.png
0,45.8732394366,40.814084507,24.2957746479,0.268939393939,84.0,xmen/xmen-084.png
1,40.5419161677,34.5688622754,19.2664670659,0.25303030303,84.0,xmen/xmen-084.png
2,53.1204819277,46.1204819277,27.4859437751,0.188636363636,84.0,xmen/xmen-084.png
3,33.5555555556,27.2946859903,13.9710144928,0.156818181818,84.0,xmen/xmen-084.png
4,61.0495049505,53.1188118812,33.8118811881,0.0765151515152,84.0,xmen/xmen-084.png
5,16.1578947368,12.0526315789,7.23684210526,0.0287878787879,84.0,xmen/xmen-084.png
6,82.7857142857,71.1071428571,50.1428571429,0.0212121212121,84.0,xmen/xmen-084.png
7,112.625,95.5,67.75,0.00606060606061,84.0,xmen/xmen-084.png
0,45.6862068966,32.375862069,15.8034482759,0.220454545455,85.0,xmen/xmen-085.png
1,56.0276816609,45.3079584775,27.0761245675,0.218939393939,85.0,xmen/xmen-085.png
2,32.9182879377,20.7821011673,8.74708171206,0.193939393939,85.0,xmen/xmen-085.png
3,16.0947368421,5.96842105263,1.86315789474,0.143939393939,85.0,xmen/xmen-085.png
4,82.6960784314,50.6078431373,17.6176470588,0.0772727272727,85.0,xmen/xmen-085.png
5,73.0869565217,60.652173913,41.7282608696,0.069696969697,85.0,xmen/xmen-085.png
6,113.0,83.4102564103,44.1538461538,0.0590909090909,85.0,xmen/xmen-085.png
7,157.181818182,121.545454545,70.7272727273,0.0166666666667,85.0,xmen/xmen-085.png
0,35.1801801802,22.8888888889,8.89489489489,0.252272727273,86.0,xmen/xmen-086.png
1,47.8317460317,36.1142857143,19.0825396825,0.238636363636,86.0,xmen/xmen-086.png
2,60.5400843882,50.4430379747,33.3080168776,0.179545454545,86.0,xmen/xmen-086.png
3,18.3105263158,7.78421052632,2.61052631579,0.143939393939,86.0,xmen/xmen-086.png
4,80.93,49.17,18.06,0.0757575757576,86.0,xmen/xmen-086.png
5,112.196721311,76.0491803279,33.9016393443,0.0462121212121,86.0,xmen/xmen-086.png
6,89.7291666667,76.5416666667,58.7083333333,0.0363636363636,86.0,xmen/xmen-086.png
7,145.777777778,112.416666667,66.0,0.0272727272727,86.0,xmen/xmen-086.png
0,55.3126177024,40.7589453861,23.7683615819,0.402272727273,87.0,xmen/xmen-087.png
1,47.8247011952,35.1553784861,21.1752988048,0.190151515152,87.0,xmen/xmen-087.png
2,63.7861271676,47.676300578,29.0867052023,0.131060606061,87.0,xmen/xmen-087.png
3,38.475177305,26.5035460993,16.0496453901,0.106818181818,87.0,xmen/xmen-087.png
4,21.5,10.1976744186,9.05813953488,0.0651515151515,87.0,xmen/xmen-087.png
5,78.68,60.1333333333,40.36,0.0568181818182,87.0,xmen/xmen-087.png
6,98.6904761905,76.9285714286,57.9761904762,0.0318181818182,87.0,xmen/xmen-087.png
7,131.285714286,98.9047619048,58.619047619,0.0159090909091,87.0,xmen/xmen-087.png
0,54.2529550827,39.8723404255,23.853427896,0.320454545455,88.0,xmen/xmen-088.png
1,48.4260651629,35.3082706767,20.2506265664,0.302272727273,88.0,xmen/xmen-088.png
2,42.9383886256,30.8483412322,18.0047393365,0.159848484848,88.0,xmen/xmen-088.png
3,22.2076923077,10.2,10.2076923077,0.0984848484848,88.0,xmen/xmen-088.png
4,63.7236842105,47.5657894737,31.4078947368,0.0575757575758,88.0,xmen/xmen-088.png
5,122.206896552,93.3448275862,60.5517241379,0.0219696969697,88.0,xmen/xmen-088.png
6,97.7142857143,76.9642857143,56.4642857143,0.0212121212121,88.0,xmen/xmen-088.png
7,81.7083333333,63.5,42.25,0.0181818181818,88.0,xmen/xmen-088.png
0,45.6638370119,33.1239388795,18.974533107,0.444696969697,89.0,xmen/xmen-089.png
1,51.6276150628,37.9142259414,22.3242677824,0.363636363636,89.0,xmen/xmen-089.png
2,59.9565217391,45.1739130435,28.2173913043,0.0522727272727,89.0,xmen/xmen-089.png
3,19.6140350877,8.49122807018,8.14035087719,0.0431818181818,89.0,xmen/xmen-089.png
4,29.5471698113,15.9811320755,13.5471698113,0.0401515151515,89.0,xmen/xmen-089.png
5,122.730769231,94.0384615385,62.8846153846,0.019696969697,89.0,xmen/xmen-089.png
6,99.68,78.24,56.8,0.0189393939394,89.0,xmen/xmen-089.png
7,78.7391304348,61.3043478261,41.5652173913,0.0174242424242,89.0,xmen/xmen-089.png
0,4.6573875803,2.70235546039,0.798715203426,0.353787878788,90.0,xmen/xmen-090.png
1,7.65497076023,12.269005848,7.15204678363,0.259090909091,90.0,xmen/xmen-090.png
2,15.3612903226,25.1290322581,16.1290322581,0.117424242424,90.0,xmen/xmen-090.png
3,45.5761589404,48.0662251656,31.8543046358,0.114393939394,90.0,xmen/xmen-090.png
4,25.1818181818,36.4090909091,27.9363636364,0.0833333333333,90.0,xmen/xmen-090.png
5,55.3026315789,57.9342105263,46.4342105263,0.0575757575758,90.0,xmen/xmen-090.png
6,80.7647058824,76.1764705882,75.0,0.0128787878788,90.0,xmen/xmen-090.png
7,178.0,159.0,137.5,0.00151515151515,90.0,xmen/xmen-090.png
0,51.8220338983,39.0237288136,24.7305084746,0.44696969697,91.0,xmen/xmen-091.png
1,46.4365079365,34.1534391534,21.0661375661,0.286363636364,91.0,xmen/xmen-091.png
2,59.5853658537,44.5853658537,29.0731707317,0.124242424242,91.0,xmen/xmen-091.png
3,35.1956521739,19.6086956522,17.4565217391,0.0348484848485,91.0,xmen/xmen-091.png
4,22.0952380952,9.45238095238,8.28571428571,0.0318181818182,91.0,xmen/xmen-091.png
5,81.0263157895,63.3421052632,46.4473684211,0.0287878787879,91.0,xmen/xmen-091.png
6,131.666666667,104.303030303,75.7272727273,0.025,91.0,xmen/xmen-091.png
7,104.482758621,82.0689655172,57.275862069,0.0219696969697,91.0,xmen/xmen-091.png
0,52.9097978227,39.9035769829,25.4712286159,0.487121212121,92.0,xmen/xmen-092.png
1,46.7724719101,34.2556179775,21.5280898876,0.269696969697,92.0,xmen/xmen-092.png
2,60.5563909774,46.2255639098,32.030075188,0.100757575758,92.0,xmen/xmen-092.png
3,34.640625,19.109375,17.25,0.0484848484848,92.0,xmen/xmen-092.png
4,23.4333333333,10.7666666667,10.8,0.0454545454545,92.0,xmen/xmen-092.png
5,89.6538461538,69.8461538462,52.4615384615,0.019696969697,92.0,xmen/xmen-092.png
6,138.4,108.45,74.0,0.0151515151515,92.0,xmen/xmen-092.png
7,113.166666667,89.5555555556,69.7777777778,0.0136363636364,92.0,xmen/xmen-092.png
0,76.4727793696,60.7593123209,41.9828080229,0.264393939394,93.0,xmen/xmen-093.png
1,98.783269962,78.6577946768,54.9961977186,0.199242424242,93.0,xmen/xmen-093.png
2,59.8210116732,46.3540856031,28.1439688716,0.193939393939,93.0,xmen/xmen-093.png
3,40.9553072626,28.3854748603,13.8212290503,0.136363636364,93.0,xmen/xmen-093.png
4,135.150684932,105.794520548,60.5753424658,0.110606060606,93.0,xmen/xmen-093.png
5,163.583333333,134.625,81.2222222222,0.0545454545455,93.0,xmen/xmen-093.png
6,189.351351351,162.621621622,106.054054054,0.0280303030303,93.0,xmen/xmen-093.png
7,229.411764706,230.058823529,190.882352941,0.0128787878788,93.0,xmen/xmen-093.png
0,73.7716049383,57.950617284,40.1913580247,0.245454545455,94.0,xmen/xmen-094.png
1,93.0647482014,74.0827338129,51.9568345324,0.210606060606,94.0,xmen/xmen-094.png
2,57.2602230483,42.7583643123,25.126394052,0.203787878788,94.0,xmen/xmen-094.png
3,38.2635658915,25.6976744186,12.3488372093,0.0977272727273,94.0,xmen/xmen-094.png
4,117.317829457,92.4651162791,56.2480620155,0.0977272727273,94.0,xmen/xmen-094.png
5,144.504761905,114.761904762,64.6952380952,0.0795454545455,94.0,xmen/xmen-094.png
6,171.738461538,142.553846154,85.8461538462,0.0492424242424,94.0,xmen/xmen-094.png
7,216.80952381,207.523809524,158.0,0.0159090909091,94.0,xmen/xmen-094.png
0,47.3236245955,34.4692556634,22.9741100324,0.236363636364,95.0,xmen/xmen-095.png
1,61.61414791,46.2186495177,29.578778135,0.234090909091,95.0,xmen/xmen-095.png
2,79.3696682464,60.345971564,35.8578199052,0.159090909091,95.0,xmen/xmen-095.png
3,36.207253886,24.0414507772,13.8652849741,0.146212121212,95.0,xmen/xmen-095.png
4,99.7611111111,77.45,46.0111111111,0.136363636364,95.0,xmen/xmen-095.png
5,124.971428571,99.4142857143,59.6428571429,0.0530303030303,95.0,xmen/xmen-095.png
6,155.384615385,126.58974359,77.7948717949,0.0295454545455,95.0,xmen/xmen-095.png
7,213.0,198.857142857,146.0,0.00530303030303,95.0,xmen/xmen-095.png
0,64.9730769231,48.1615384615,26.5769230769,0.196212121212,96.0,xmen/xmen-096.png
1,32.2409638554,21.1004016064,11.0963855422,0.188636363636,96.0,xmen/xmen-096.png
2,49.2033898305,35.4237288136,18.7245762712,0.178787878788,96.0,xmen/xmen-096.png
3,99.4212765957,78.2170212766,47.0595744681,0.17803030303,96.0,xmen/xmen-096.png
4,82.2487309645,63.269035533,36.5634517766,0.15,96.0,xmen/xmen-096.png
5,119.099009901,95.4554455446,57.3168316832,0.0765151515152,96.0,xmen/xmen-096.png
6,147.921052632,120.421052632,73.5526315789,0.0287878787879,96.0,xmen/xmen-096.png
7,203.25,186.0,126.0,0.0030303030303,96.0,xmen/xmen-096.png
0,80.2125984252,61.8307086614,35.8818897638,0.192424242424,97.0,xmen/xmen-097.png
1,53.1897233202,38.9130434783,20.5454545455,0.191666666667,97.0,xmen/xmen-097.png
2,96.3636363636,75.3388429752,44.0082644628,0.183333333333,97.0,xmen/xmen-097.png
3,66.25,50.0181818182,28.3545454545,0.166666666667,97.0,xmen/xmen-097.png
4,112.308900524,89.2931937173,52.6753926702,0.144696969697,97.0,xmen/xmen-097.png
5,40.1647058824,27.7647058824,12.5294117647,0.0643939393939,97.0,xmen/xmen-097.png
6,134.052631579,109.140350877,67.5263157895,0.0431818181818,97.0,xmen/xmen-097.png
7,175.888888889,155.222222222,107.5,0.0136363636364,97.0,xmen/xmen-097.png
0,92.0100671141,72.110738255,43.144295302,0.225757575758,98.0,xmen/xmen-098.png
1,81.1075268817,62.4731182796,35.0896057348,0.211363636364,98.0,xmen/xmen-098.png
2,105.324200913,83.0273972603,50.100456621,0.166666666667,98.0,xmen/xmen-098.png
3,68.4158415842,51.9752475248,27.2277227723,0.152272727273,98.0,xmen/xmen-098.png
4,55.0073529412,40.2352941176,18.6985294118,0.10303030303,98.0,xmen/xmen-098.png
5,126.075,100.383333333,61.075,0.0909090909091,98.0,xmen/xmen-098.png
6,150.64,124.8,79.02,0.0378787878788,98.0,xmen/xmen-098.png
7,192.9375,171.8125,119.0,0.0121212121212,98.0,xmen/xmen-098.png
0,87.0106951872,68.0989304813,40.7994652406,0.282575757576,99.0,xmen/xmen-099.png
1,78.3520710059,60.7218934911,34.1715976331,0.256060606061,99.0,xmen/xmen-099.png
2,95.5086956522,75.5869565217,48.5782608696,0.173484848485,99.0,xmen/xmen-099.png
3,68.8488888889,52.3733333333,27.3111111111,0.17196969697,99.0,xmen/xmen-099.png
4,109.128205128,87.5641025641,58.5512820513,0.0590909090909,99.0,xmen/xmen-099.png
5,53.9791666667,38.1458333333,17.2708333333,0.0363636363636,99.0,xmen/xmen-099.png
6,145.842105263,119.052631579,80.4210526316,0.0143939393939,99.0,xmen/xmen-099.png
7,205.375,179.0,133.5,0.00606060606061,99.0,xmen/xmen-099.png
0,88.9088235294,69.7676470588,42.8205882353,0.257575757576,100.0,xmen/xmen-100.png
1,79.8017751479,61.9881656805,35.7041420118,0.256060606061,100.0,xmen/xmen-100.png
2,69.5675675676,53.1756756757,28.6306306306,0.168181818182,100.0,xmen/xmen-100.png
3,97.2850241546,77.0,50.0434782609,0.156818181818,100.0,xmen/xmen-100.png
4,110.712871287,88.2772277228,57.297029703,0.0765151515152,100.0,xmen/xmen-100.png
5,54.7547169811,39.0943396226,17.9622641509,0.0401515151515,100.0,xmen/xmen-100.png
6,140.157894737,112.815789474,73.8684210526,0.0287878787879,100.0,xmen/xmen-100.png
7,187.857142857,159.80952381,113.333333333,0.0159090909091,100.0,xmen/xmen-100.png
0,88.6195372751,68.7686375321,42.8663239075,0.294696969697,101.0,xmen/xmen-101.png
1,77.6486486486,59.6925675676,35.4797297297,0.224242424242,101.0,xmen/xmen-101.png
2,98.601659751,77.3195020747,49.7385892116,0.182575757576,101.0,xmen/xmen-101.png
3,63.8136645963,47.5714285714,25.1925465839,0.12196969697,101.0,xmen/xmen-101.png
4,114.066115702,90.1818181818,57.9008264463,0.0916666666667,101.0,xmen/xmen-101.png
5,135.952380952,107.968253968,70.8253968254,0.0477272727273,101.0,xmen/xmen-101.png
6,167.540540541,137.918918919,94.5135135135,0.0280303030303,101.0,xmen/xmen-101.png
7,202.416666667,175.833333333,129.166666667,0.00909090909091,101.0,xmen/xmen-101.png
0,89.7373134328,70.5343283582,44.5194029851,0.253787878788,102.0,xmen/xmen-102.png
1,78.3737704918,61.062295082,36.5114754098,0.231060606061,102.0,xmen/xmen-102.png
2,102.295019157,80.153256705,50.6436781609,0.197727272727,102.0,xmen/xmen-102.png
3,120.46,94.76,59.4933333333,0.113636363636,102.0,xmen/xmen-102.png
4,64.4577464789,49.0704225352,26.6830985915,0.107575757576,102.0,xmen/xmen-102.png
5,142.891566265,114.662650602,75.1325301205,0.0628787878788,102.0,xmen/xmen-102.png
6,174.379310345,146.655172414,101.75862069,0.0219696969697,102.0,xmen/xmen-102.png
7,206.4,181.6,135.533333333,0.0113636363636,102.0,xmen/xmen-102.png
0,92.3501577287,72.476340694,46.072555205,0.240151515152,103.0,xmen/xmen-103.png
1,78.9803921569,61.4215686275,37.5882352941,0.231818181818,103.0,xmen/xmen-103.png
2,106.394308943,82.5528455285,51.5731707317,0.185606060606,103.0,xmen/xmen-103.png
3,122.923529412,96.9352941176,61.1058823529,0.129545454545,103.0,xmen/xmen-103.png
4,144.882882883,115.963963964,75.9369369369,0.0840909090909,103.0,xmen/xmen-103.png
5,62.6363636364,48.0090909091,26.3363636364,0.0833333333333,103.0,xmen/xmen-103.png
6,171.813953488,143.069767442,98.2790697674,0.0325757575758,103.0,xmen/xmen-103.png
7,204.470588235,178.294117647,132.117647059,0.0128787878788,103.0,xmen/xmen-103.png
0,82.6548387097,64.6290322581,39.9419354839,0.234848484848,104.0,xmen/xmen-104.png
1,96.885620915,75.4444444444,47.3464052288,0.231818181818,104.0,xmen/xmen-104.png
2,113.272727273,88.2818181818,54.7545454545,0.166666666667,104.0,xmen/xmen-104.png
3,131.767741935,103.619354839,65.1290322581,0.117424242424,104.0,xmen/xmen-104.png
4,64.7870967742,49.5225806452,27.6903225806,0.117424242424,104.0,xmen/xmen-104.png
5,152.266666667,123.257142857,80.3619047619,0.0795454545455,104.0,xmen/xmen-104.png
6,171.442307692,142.25,97.1538461538,0.0393939393939,104.0,xmen/xmen-104.png
7,215.117647059,191.058823529,144.647058824,0.0128787878788,104.0,xmen/xmen-104.png
0,92.940397351,72.6655629139,46.0099337748,0.229545454545,105.0,xmen/xmen-105.png
1,79.8206278027,62.331838565,37.9820627803,0.168939393939,105.0,xmen/xmen-105.png
2,108.098591549,83.4600938967,51.2394366197,0.161363636364,105.0,xmen/xmen-105.png
3,124.465608466,97.2962962963,60.3227513228,0.142424242424,105.0,xmen/xmen-105.png
4,141.793333333,112.72,71.34,0.113636363636,105.0,xmen/xmen-105.png
5,160.983193277,131.319327731,85.8319327731,0.0901515151515,105.0,xmen/xmen-105.png
6,61.329787234,47.2659574468,26.3723404255,0.0712121212121,105.0,xmen/xmen-105.png
7,195.866666667,169.3,123.933333333,0.0227272727273,105.0,xmen/xmen-105.png
0,104.41958042,80.8811188811,49.7167832168,0.216666666667,106.0,xmen/xmen-106.png
1,87.0833333333,68.375,43.2424242424,0.2,106.0,xmen/xmen-106.png
2,122.060728745,95.3684210526,59.1336032389,0.187121212121,106.0,xmen/xmen-106.png
3,140.687861272,111.393063584,70.5953757225,0.131060606061,106.0,xmen/xmen-106.png
4,67.4265734266,51.958041958,30.3006993007,0.108333333333,106.0,xmen/xmen-106.png
5,157.84962406,127.646616541,82.9097744361,0.100757575758,106.0,xmen/xmen-106.png
6,178.285714286,149.464285714,104.428571429,0.0424242424242,106.0,xmen/xmen-106.png
7,209.611111111,184.833333333,137.388888889,0.0136363636364,106.0,xmen/xmen-106.png
